"0","2230850257","Thu Jun 18 17:41:40 PDT 2009","NO_QUERY","tiffyfone","Good bye Dirt Cheap    November 30, 2003 - June 18, 2009.   I will miss you. Tiffany"
"4","2014948225","Wed Jun 03 03:12:52 PDT 2009","NO_QUERY","ArumK","@alyshaathia My darling.. How are you? I miss you  please do visit school!"
"4","1825885213","Sun May 17 07:07:28 PDT 2009","NO_QUERY","StevieHart","@Damian2278 Ella and Louis over here "
"0","1979525979","Sun May 31 03:25:39 PDT 2009","NO_QUERY","MJAllansson","Just sunned on my balcony and burned myself so now i look like a pig  &lt;3"
"0","2329084573","Thu Jun 25 10:19:55 PDT 2009","NO_QUERY","Nevidge20","@TickingTimeBomb See hes not verified but hes got these candid tweetpics so i don't know what to do....  Hows Steph? "
"4","1932311414","Tue May 26 21:13:10 PDT 2009","NO_QUERY","SCHRAL","Watching Degrassi before bed...even though I've seen these episodes already. Can't get enough  Oh yea, brought my GPA up to 3.38!!! Yay!"
"4","1678574547","Sat May 02 07:07:43 PDT 2009","NO_QUERY","FindingFamily","Heading to the STL Zoo with @CSwann1776, hubby if you didn't know.    So excited the rain has stayed away, thus far!!!!"
"0","2264799394","Sun Jun 21 04:58:41 PDT 2009","NO_QUERY","salmonpuff","2 hours...I wish time would hurry up and go "
"4","1999728790","Mon Jun 01 20:43:04 PDT 2009","NO_QUERY","bfarley5x5","@dichenlachman poor fx - you should watch Merlin or Dexter, next best shows to Dollhouse. "
"4","2006103836","Tue Jun 02 10:39:47 PDT 2009","NO_QUERY","NikkiBurrrr","I wanna crawl in bed and just cuddle "
"0","2064789771","Sun Jun 07 07:10:28 PDT 2009","NO_QUERY","KrizzyB","My feets, my legs and my toe hurt! And i gotta walk home! "
"0","2238303823","Fri Jun 19 07:06:02 PDT 2009","NO_QUERY","GTChin","@Sunstreaker84 sorta agree with u about TwtDck. Doesn't seem like there will be a perfect Twitter app on the iPhone.  î?"
"0","2001403171","Tue Jun 02 00:46:14 PDT 2009","NO_QUERY","funkyfreshnik","Oh shoot- it's &quot;In it to Win it.&quot; Boo "
"0","1969479375","Sat May 30 00:09:59 PDT 2009","NO_QUERY","rytandem","so saddddddddddddddddd... cause im not gonna be able to see my couzin jaron graduate in person.. waahhhh! "
"4","2052917150","Sat Jun 06 02:32:15 PDT 2009","NO_QUERY","rebeccamezzino","@Zut_Radio Welll, plastic bags and old ugly bags are two different things. And of course even old ugly bags are beautiful on the inside "
"0","2058806644","Sat Jun 06 15:39:56 PDT 2009","NO_QUERY","ryanissxcraddd","I was kidding baby. "
"0","2258747170","Sat Jun 20 16:25:54 PDT 2009","NO_QUERY","LauraxXo","I wish Federer had a Twitter, I really do. "
"4","2180575333","Mon Jun 15 10:39:25 PDT 2009","NO_QUERY","LittleLiverbird","@LeanneBarbery Hiya! How's your day been? Any sunshine by you?! "
"4","1978418824","Sat May 30 23:17:57 PDT 2009","NO_QUERY","Cindy612","Vodka and cranerry/ raspberry...Yummmmm "
"4","1826452363","Sun May 17 08:32:43 PDT 2009","NO_QUERY","twliciousness"," @CranberryPerson Dear hyper chihuahua, we only have 45 minutes left together on this drive, but I have a .. http://tr.im/lAj6"
"4","2188597722","Mon Jun 15 22:11:34 PDT 2009","NO_QUERY","MissMagical","@johnbernos Seriously dude. Let's get jobs back at Disneyland! I mean, we can still be with RD too if we're seasonal right? "
"4","1881032013","Fri May 22 03:21:52 PDT 2009","NO_QUERY","Joffff","@get_the_juice  welcome to Peterborough "
"4","2069343233","Sun Jun 07 15:42:12 PDT 2009","NO_QUERY","Arsenette","@uNCLEsAM098 .. my personal blog.. not the Sasuke one "
"4","1468022324","Mon Apr 06 23:18:19 PDT 2009","NO_QUERY","Disaster08","http://twitpic.com/2y3v4 - vote for Gilles Marini on Dancing with the Stars! "
"0","2191193392","Tue Jun 16 04:44:20 PDT 2009","NO_QUERY","berryanarchy","ah the good old Monday blues I'm not even back at work and i have them "
"0","1991538444","Mon Jun 01 07:13:12 PDT 2009","NO_QUERY","MitaliandMe","I think @maureenjohnson gave merge LeakyFlu but it could be the BEA cold! "
"4","1984312825","Sun May 31 14:51:41 PDT 2009","NO_QUERY","Geekwife","Dinner is pot roast in the crock pot. I feeled relaxed! "
"0","1997455012","Mon Jun 01 16:52:50 PDT 2009","NO_QUERY","azinkid","wish someone was able to wash my clothes right now.. all the washers are full. . .     I'm out of clean PT uniforms"
"0","2061881707","Sat Jun 06 21:49:43 PDT 2009","NO_QUERY","sfgiants314","@dgrantdotcom Goddamnit last time I was there and it was amazing. Saw the private session as well. Too bad couldn't make it this year. "
"4","1792721555","Thu May 14 00:01:32 PDT 2009","NO_QUERY","chioyoface","@yozhio that's why we're toqayas and we rulz the nation  yo tambien!"
"4","2066867177","Sun Jun 07 11:19:06 PDT 2009","NO_QUERY","alexisstar22","@marklane31                  he he!! how many of those questions av u seen tht involve u??? theres loads!!"
"4","2183499245","Mon Jun 15 14:35:22 PDT 2009","NO_QUERY","fotobrad","@MissSummer i totally LOVE voodoo doughnuts!!  it was a primary destination of mine when i went to portland in september "
"4","1969115902","Fri May 29 23:04:20 PDT 2009","NO_QUERY","b1brittany","@Impostersbeware Thanks.  You really never know these days do you?"
"4","1997399087","Mon Jun 01 16:46:54 PDT 2009","NO_QUERY","nanaIStrouble","@valholla i woke up and was able to tweet you "
"4","2063287499","Sun Jun 07 02:03:40 PDT 2009","NO_QUERY","priyankawriting","@LimeIce I wasnt waiting long, I dug up their mobile numbers thru common known tweeple... "
"4","1982517454","Sun May 31 11:22:05 PDT 2009","NO_QUERY","superduperkya","shopping online, what my mom doesnt know wont hurt her, plus this is what she gets for giving away my winter clothes hehe "
"4","1881129167","Fri May 22 03:41:54 PDT 2009","NO_QUERY","darraghdoyle","@stef Just registered that in case "
"0","1996858149","Mon Jun 01 15:49:10 PDT 2009","NO_QUERY","HeatherLWillard","Is home listening to a screaming toddler....HELP "
"4","2068257991","Sun Jun 07 13:46:20 PDT 2009","NO_QUERY","karirodri","just got twitter "
"4","1973709663","Sat May 30 11:40:50 PDT 2009","NO_QUERY","LittleBitTwistd","@TizzySizzleberg hiya baby!!!  how goes???"
"0","2204520756","Wed Jun 17 02:26:03 PDT 2009","NO_QUERY","twitt2806","@MarloPerry thanks for the heads up re the Basco cake mixes. There's a chocolate one the kids demolished which isn't kindy friendly "
"0","2226181970","Thu Jun 18 11:38:06 PDT 2009","NO_QUERY","ginoblanco","rain=sleep....reality is I'm at work "
"4","2058501029","Sat Jun 06 15:04:01 PDT 2009","NO_QUERY","Maluhknee","I just twitter texted! "
"0","2252689700","Sat Jun 20 06:48:04 PDT 2009","NO_QUERY","franzxznarf","franz: eu nem curti o show  suh: que show? teve show? UIHASUIDHUIASHDUIHAUSIHDUIAHSUIDHAUISDH"
"4","1469956693","Tue Apr 07 07:55:29 PDT 2009","NO_QUERY","Xizero","@myloveshine aww that's great news  i'm pretty good myself. Whatcha up to?"
"4","1976724994","Sat May 30 18:52:48 PDT 2009","NO_QUERY","Shoefeen","is on the J train headed home from an evening with the Boyfriend..0401 nd it gets better everyday. "
"4","1882265987","Fri May 22 06:33:15 PDT 2009","NO_QUERY","gurusan","Thank you Bill for the well wishes  Packing was a b*tch and one of the wheels on my trolley fell off but ready to roll!"
"0","2063383106","Sun Jun 07 02:26:13 PDT 2009","NO_QUERY","mS3yjh3iiiii","has a c0ld *snifF* "
"4","2053201661","Sat Jun 06 03:40:21 PDT 2009","NO_QUERY","pranksterismeah","NO BROADWAY PRACTICE ON MONDAY "
"4","2002351593","Tue Jun 02 03:57:43 PDT 2009","NO_QUERY","whoa_liiva","yes, math is over  just 2 to go"
"0","2045430846","Fri Jun 05 10:42:56 PDT 2009","NO_QUERY","greenmelinda","@SandrineMP Well, I am jealous of you and @jackloftus  #evpwsop"
"4","1792117498","Wed May 13 22:10:13 PDT 2009","NO_QUERY","asuburbancurse","is off to bed, working 11-4 tomorrow! "
"0","1969294175","Fri May 29 23:35:22 PDT 2009","NO_QUERY","uknowulovemeh","@bryancheung Do you think I am a slut or something?!? "
"0","1977043618","Sat May 30 19:57:17 PDT 2009","NO_QUERY","catacarrasco","Tomorrow I will go with my friends to do a bit of exercise. I have to up early "
"4","1989815487","Mon Jun 01 02:54:38 PDT 2009","NO_QUERY","tonilooon","Is eating choc nut! "
"4","2004917040","Tue Jun 02 08:56:28 PDT 2009","NO_QUERY","nuyorican718","brb twit fam gotta check my facebook *sidebar* add me: brianna nuyorican martinez on fb "
"4","1468210781","Tue Apr 07 00:19:09 PDT 2009","NO_QUERY","LeeCarson","Phew, remembered an anniversary card   8 years today!"
"0","2190737739","Tue Jun 16 03:35:08 PDT 2009","NO_QUERY","deargdawn","@DavidOMahony i tried to buy Dark Night of the Soul from Book Depository, but got an email to say the line has ended  gay."
"0","1751248144","Sat May 09 19:00:32 PDT 2009","NO_QUERY","Bubblez686","I MISS MY ROOMIES "
"4","1979496377","Sun May 31 03:17:55 PDT 2009","NO_QUERY","kadibasdeo","jus made soup..and it's delicious!!  "
"4","2181152917","Mon Jun 15 11:26:24 PDT 2009","NO_QUERY","YorkDL","@tedstryk check FB email asap, please "
"0","2062443829","Sat Jun 06 23:14:55 PDT 2009","NO_QUERY","_mishhh","sacrificing 5 mins of hawthorn game to print out dad's phone bill "
"4","1957182844","Thu May 28 23:45:08 PDT 2009","NO_QUERY","xxKrissy","Wow, Portuguese got reeeally hard. LMAO. I gave up. I am now speaking the very easy, French!  But soon going back to the more easy: German"
"0","1970639373","Sat May 30 04:40:04 PDT 2009","NO_QUERY","KirstyGriffith","Sunshine  have I mentioned I hate summer ?"
"4","1695312667","Mon May 04 05:48:58 PDT 2009","NO_QUERY","VincentWright","@catcloud Yes, Cathy.  (Ordinarily, I don't have much of a problem with naked girls chasing me, however!  )"
"4","1976245886","Sat May 30 16:54:27 PDT 2009","NO_QUERY","libby_vandoris","@tommcfly thought you'd think this is cool. my cousin is going to personally meet the head of NASA to discuss future projects. Cool, huh? "
"4","1999838081","Mon Jun 01 20:55:02 PDT 2009","NO_QUERY","Ditlev","@webicero Thanks "
"0","1982212182","Sun May 31 10:45:14 PDT 2009","NO_QUERY","tinamurphy","@filthycute I'm sorry to hear that "
"0","2068012962","Sun Jun 07 13:20:51 PDT 2009","NO_QUERY","djmariboo","i hate my hair "
"4","1573598607","Tue Apr 21 01:56:24 PDT 2009","NO_QUERY","Jessica_Ruby","If you always do what you've always done you'll always get what you've always got "
"0","1690824901","Sun May 03 16:27:53 PDT 2009","NO_QUERY","dance4jv","I'm @ Fant all by myself. Now I know how Carolyn feels on Thurs nights. "
"4","1970322846","Sat May 30 03:23:17 PDT 2009","NO_QUERY","Twisuz","@lazoug Hey girly, late to bed and early to rise? "
"0","2328707892","Thu Jun 25 09:54:01 PDT 2009","NO_QUERY","tcwong5","Just woke up. Had a good dream. Mmmm. Wish I could lounge and bed to keep dreaming about it. But gotta get up "
"0","1998854917","Mon Jun 01 19:14:04 PDT 2009","NO_QUERY","lovinmyboys","@kasey79 No, I couldn't afford 5*  Hopin' to see them somehow, someway...."
"4","1573804533","Tue Apr 21 02:56:35 PDT 2009","NO_QUERY","maryxalicexhale","I only had 5 hrs of sleep...shoot me. I'm so tired..and cold...why the fudge, is it cold?! I hate the weather..about to shower. "
"4","1974993903","Sat May 30 14:13:32 PDT 2009","NO_QUERY","BoomxItsJordan","Dorney Park.! "
"4","2004687759","Tue Jun 02 08:35:17 PDT 2009","NO_QUERY","Liberace4Life","@emilypoe Thanks!  "
"4","1998005841","Mon Jun 01 17:50:03 PDT 2009","NO_QUERY","SoBeSofy","@NolwennP still trying to figure this out...sounds fun though! "
"0","2229179524","Thu Jun 18 15:23:10 PDT 2009","NO_QUERY","alexjimenez_","is chillen at the hilton beforeheading to the airport to go back home. "
"0","1573189406","Tue Apr 21 00:04:54 PDT 2009","NO_QUERY","PunkyTHEsinger","i need a new boyfreind ; this isnt working ; he's trying get freeky with girls i'm following "
"4","1469617192","Tue Apr 07 06:55:05 PDT 2009","NO_QUERY","jzetz","its a beautiful morning "
"4","1968940007","Fri May 29 22:35:57 PDT 2009","NO_QUERY","RainyLove","I'm 19 and I'm watching hannah montana. I love @mileycyrus and @billyraycyrus "
"4","1469199702","Tue Apr 07 05:34:53 PDT 2009","NO_QUERY","Trend_Trading","@aiki14 Thank you so much, and i'll look into these resources "
"0","1982319771","Sun May 31 10:58:27 PDT 2009","NO_QUERY","aaliam369","is getting family sick and wants to go see her family in india "
"4","1752289006","Sat May 09 21:31:22 PDT 2009","NO_QUERY","YaBoy_Q","is also wishing these two lovely mothers @solangeknowles &amp; @fatbellybella a very special Mother's Day!!!  enjoy!"
"0","1998142250","Mon Jun 01 18:03:44 PDT 2009","NO_QUERY","mrmikeblack","@ddavehansen when did u get ur iPhone? I lost mine Saturday at the club "
"0","2057610201","Sat Jun 06 13:19:33 PDT 2009","NO_QUERY","joeyguille12","I still feel you when you sleep next to me!!!!!!!  I wish I could feel that!!!! :'("
"4","2071117051","Sun Jun 07 18:51:47 PDT 2009","NO_QUERY","jillbear22","@lakersnation yup its workin "
"0","2010408942","Tue Jun 02 17:20:06 PDT 2009","NO_QUERY","JacobParrott","just got killed by like 150 points "
"0","2327299630","Thu Jun 25 08:10:19 PDT 2009","NO_QUERY","yummymammy","Having a bit of a day (again!!). And starving. Not stopped all day and have a very late night of work planned. I need a hug "
"0","2190162850","Tue Jun 16 01:56:59 PDT 2009","NO_QUERY","zombiecommand","That's a negative on the bites @marawitch and @lendmeyoureyes. Drunk wrestling has led to what a neck sprain. No sleep for me last night "
"0","2266103773","Sun Jun 21 07:54:43 PDT 2009","NO_QUERY","giggybug","exhausted  i really dont feel well.....i think i might pass out again"
"4","2189875130","Tue Jun 16 01:08:25 PDT 2009","NO_QUERY","lee_shirion","@spunk409  hey    (Y)  what you doing???? "
"4","2049595076","Fri Jun 05 17:09:20 PDT 2009","NO_QUERY","MadeWithClay","I LOVE this color blue!  http://bit.ly/16t63H"
"0","2218592043","Wed Jun 17 22:45:59 PDT 2009","NO_QUERY","DABoloso","@MissErinDanii  damn. reverse psychology my ass. this is why I switched majors. haha"
"0","1551650589","Sat Apr 18 09:37:01 PDT 2009","NO_QUERY","eulken","Enjoying the research discussions at #isoj but have to cut out early to make my flight.  Great catching up with folks. Until next time..."
"4","1835168013","Mon May 18 05:19:23 PDT 2009","NO_QUERY","blairwitchgreen","I am glad to be out of this 4 week hypercompetitive mode and can now flop joyfully into full-on casual-fun mode "
"4","1880700997","Fri May 22 02:11:10 PDT 2009","NO_QUERY","lozz","@lyndons Hmmm.... that sounds like a bachelor's cookbook "
"4","1980286157","Sun May 31 06:17:26 PDT 2009","NO_QUERY","echoshack","@I_enigma Have to use a female Voice though  be just like to old lady's blocking the supermarket isle. Have to train not to say rude words"
"4","2061863000","Sat Jun 06 21:47:09 PDT 2009","NO_QUERY","DunaRillo","Crazier-Talyor Swiift describes alot about certain things right now.. I love love love that song [â¥] @taylorswift13 your amazing.  thanks"
"0","1678358194","Sat May 02 06:26:49 PDT 2009","NO_QUERY","shopmollyd","Hope evryone has fun at #pawpawty today. Mollyd has to take care of her grandma so no pawty for her "
"0","2045242195","Fri Jun 05 10:26:36 PDT 2009","NO_QUERY","JereneD","@SolarDawn I have all my work done here, but I will have to stay until 3:30 "
"0","1678454475","Sat May 02 06:45:39 PDT 2009","NO_QUERY","cdeepak","Thought for my day - &quot;Love Makes Life Beautifyl. Mine is ugly yet...&quot;  "
"4","2051105811","Fri Jun 05 19:52:25 PDT 2009","NO_QUERY","AlyseTeresa","@NCC2484 Go for that 5 scooper, reeses pieces, mountain of deliciousness. Bring back the memories of our childhood Nicky. "
"0","2056476003","Sat Jun 06 11:12:47 PDT 2009","NO_QUERY","Curtos69","Rafa could miss Wimbledon.   http://tinyurl.com/q436z3 Fed winning back to back slams would be unbearable"
"0","2051712690","Fri Jun 05 22:37:28 PDT 2009","NO_QUERY","aditisharma12","Morning everyone.. Its really hard to leave the bed.. coz me not well..  "
"4","2058162307","Sat Jun 06 14:23:23 PDT 2009","NO_QUERY","kitty87228","@leleana Yeahhhhh!!!! That sounds like a plan  we can go to universal studios and such XD"
"0","2249292833","Fri Jun 19 22:03:51 PDT 2009","NO_QUERY","sammyxc","at the beach house. sitting up on my balcony. there are exactly 3 stars in sight tonight. ugh... back to boca tomorrow "
"0","1982953454","Sun May 31 12:13:20 PDT 2009","NO_QUERY","christincp","is missing Bgirl already   Won't see her until we get back home in a week or so..."
"0","2250672822","Sat Jun 20 01:09:45 PDT 2009","NO_QUERY","NeuronFluidz","Played Resident Evil till like 1:30 am yesterday w/ Dan... Was SO funny. He killed me in the furnace  ahaha"
"4","2051893254","Fri Jun 05 23:04:43 PDT 2009","NO_QUERY","dddulce","watching fast and furious 4 with my bff,, she came to tell me about the niley duet!! lol she's aswesome "
"4","1826524761","Sun May 17 08:42:44 PDT 2009","NO_QUERY","rodolfodaniel","it's a good time to.. smile! "
"0","1759381704","Sun May 10 19:05:20 PDT 2009","NO_QUERY","AmandaRossisNos","@threesenough sorry about the morning sickness. "
"4","2175171371","Mon Jun 15 00:16:07 PDT 2009","NO_QUERY","Harith","@mattcutts thinking: My job is currently giving me some stress because I deal with angry people like @shoemoney quite a bit "
"0","2285010388","Mon Jun 22 14:35:41 PDT 2009","NO_QUERY","AndrewCrawford","@AndyWandy If only you could lick the blood "
"0","2186225459","Mon Jun 15 18:32:04 PDT 2009","NO_QUERY","shandelle","@onthelevel While I was unemployed I thought I'd try my hand at being a spammer but Twitter thought otherwise and kept suspending me. "
"0","2196928162","Tue Jun 16 13:06:50 PDT 2009","NO_QUERY","LiberianLadyBug","Damn. Playoffs over....now what am I going to watch? "
"4","1980504213","Sun May 31 06:56:04 PDT 2009","NO_QUERY","bethgg","@niki_w Bring it to see us some time "
"4","2002721279","Tue Jun 02 04:59:43 PDT 2009","NO_QUERY","erinbornin80s","@Lozza_81 Make dreams a reality right hon! "
"4","1695961525","Mon May 04 07:19:23 PDT 2009","NO_QUERY","BrookeReviews","@jsmithready It'd be really hard to give up my chocolate while reading.  Does chocolate count as a food? "
"4","1981130733","Sun May 31 08:29:16 PDT 2009","NO_QUERY","Clayton2011","Saw the Bristol Palin cover on People Magazine!!! Almost bought it, but didn't want to buy the magazine for one article, so i read it. "
"4","2176244012","Mon Jun 15 03:19:52 PDT 2009","NO_QUERY","s_b_g","back in the twitterverse after painful twitpocalypse experiences - iPhone still fekd though "
"0","2205885460","Wed Jun 17 05:37:40 PDT 2009","NO_QUERY","madameir85","@lollipop26 hey laura have you found the CS warm palette anywhere else, i searched ebay and got no results for the warm palette "
"4","1468489545","Tue Apr 07 01:59:29 PDT 2009","NO_QUERY","julie911","Watching last night's House while getting ready for work. "
"0","2220788279","Thu Jun 18 03:58:55 PDT 2009","NO_QUERY","Deliciaso","@twentyfirstjoey awww.. Poor teddy  http://myloc.me/4gxW"
"4","1980129667","Sun May 31 05:47:21 PDT 2009","NO_QUERY","katepickle","@tianakaesha lots of advances in treating TTTS since our girls were born... "
"0","1687623568","Sun May 03 09:10:41 PDT 2009","NO_QUERY","catdonmit","Asst. #3.5: Take Titus back home. I do NOT want to see another dog fight first hand... "
"4","1984053715","Sun May 31 14:21:02 PDT 2009","NO_QUERY","FilmLadd","Meow back, a day later or so  @sweetlilmzmia ...meeeeooooowww! ;)"
"0","2282198096","Mon Jun 22 11:03:54 PDT 2009","NO_QUERY","JBAPMASC","Woke up a little sad that I have no more @NKOTB shows to look forward to "
"0","1833336887","Sun May 17 22:58:44 PDT 2009","NO_QUERY","ryantherobot","wow... seriously huge hotel room all to myself! living room area... kitchen... double beds... wow! too bad I'm only here 1 night! "
"0","2222725889","Thu Jun 18 07:21:53 PDT 2009","NO_QUERY","miss_jennie_","@Mello_1 I haven't even celebrated graduation... That's how lazy I've been... "
"0","2297383633","Tue Jun 23 10:22:30 PDT 2009","NO_QUERY","KitkatTaktik","i miss my cuz shes now in afgan. and workin on an usa base "
"4","2065460404","Sun Jun 07 08:38:30 PDT 2009","NO_QUERY","kmatthews","@drgilpin What is this &quot;social life&quot; of which you speak? "
"0","2322086344","Wed Jun 24 22:01:39 PDT 2009","NO_QUERY","cornwillis","I don't feel special at all... That's all I have to say  i thought I was the only person you said sweet things to."
"0","2176025350","Mon Jun 15 02:41:41 PDT 2009","NO_QUERY","LeahJKelly","@Trevieness yep   oh well, i've definitely got things that money will be handy for ;)"
"0","1970985321","Sat May 30 05:52:24 PDT 2009","NO_QUERY","elabao","cannot believe she's awake at this time....omg "
"0","2047068469","Fri Jun 05 13:06:12 PDT 2009","NO_QUERY","lukdhondt","Packing to leave for San Francisco tomorrow. Need to get up at 3am "
"4","1827357541","Sun May 17 10:32:28 PDT 2009","NO_QUERY","Schnute","Morgen @TheSpiritof69  Na? Alles frisch bei dir?"
"4","2064230951","Sun Jun 07 05:39:10 PDT 2009","NO_QUERY","hellotriciaaaa","Wonders what metro station guys are doing right now... "
"0","1880588351","Fri May 22 01:46:43 PDT 2009","NO_QUERY","lyzeloo","@Peircy ha hope u havin fun walkin.  Have a good night  wish i was comin"
"4","2066337431","Sun Jun 07 10:19:45 PDT 2009","NO_QUERY","combo3","@gareeves HiGail. I sent you the invite. I hope you and your friends can make it "
"0","1977862647","Sat May 30 21:52:50 PDT 2009","NO_QUERY","Ashley611","@mhmlauren  i'm not in the city yet. we're going tomorrow. I'll take a picture of the city just for you and text it to you"
"4","1955951361","Thu May 28 20:54:47 PDT 2009","NO_QUERY","teamalexxxx","Mm, just got in (: First night of summer; it was pretty chill. "
"0","2002884877","Tue Jun 02 05:23:55 PDT 2009","NO_QUERY","Maurzattack","had a pretty good day yesterday. Tomorrow is set to be the same. Shame about today though  Stuck babysitting..."
"0","1695881882","Mon May 04 07:09:11 PDT 2009","NO_QUERY","redjovi","On our way to pick up our rental, then off to grandma's.  Missing John &amp; Dina alreay "
"0","2198979680","Tue Jun 16 16:50:53 PDT 2009","NO_QUERY","rabsxoxo","blahh, the onee weekend i really need to get out of this hell hole, no one can hang out "
"0","1990839040","Mon Jun 01 05:51:37 PDT 2009","NO_QUERY","amerkawar","@ObviousWriter hi mate, link not working "
"0","1981503688","Sun May 31 09:17:28 PDT 2009","NO_QUERY","bonarongrong","why my profile picture disappear...?! "
"0","2326517303","Thu Jun 25 07:08:53 PDT 2009","NO_QUERY","MissCheska","Definitely lost too much weight when my butt can't even hold up a pair of skinny jeans... "
"4","2174473623","Sun Jun 14 22:37:39 PDT 2009","NO_QUERY","ARDELLd","@PhxREguy For now I &quot;dealt&quot; by writing a two sentence post.  Whole thing fits in the teaser text "
"4","1771211213","Mon May 11 23:33:51 PDT 2009","NO_QUERY","bakebot","Longest 'nap' evar. Bizzare tease dream. Plot: crew and I build &amp; board DIY SPACEROCKET because Burning Man held ON MARS this year. Rad. "
"4","2049125912","Fri Jun 05 16:20:22 PDT 2009","NO_QUERY","niisagiraud","i love my background pic "
"4","2174973718","Sun Jun 14 23:46:05 PDT 2009","NO_QUERY","ezzarocks","@barblg33 yeah just did  as of midnight my new limit will be 25 gig lol"
"0","2328164474","Thu Jun 25 09:14:51 PDT 2009","NO_QUERY","anjlishah","@RickyDeHaas that's so much!  well I haven't left yet bcoz it's still early but I'm not sure what time I'll come back before dark though"
"0","2000680009","Mon Jun 01 22:41:11 PDT 2009","NO_QUERY","kgwirthalot","time for sleep. I have to say goodbye to my tooth tomorrow. this makes me sad "
"4","2062240312","Sat Jun 06 22:41:22 PDT 2009","NO_QUERY","High_Flying_Fan","I get to see night at the museum 2 at 1pm today LOL I can't wait. "
"0","2238258532","Fri Jun 19 07:02:24 PDT 2009","NO_QUERY","jdiller","My car (a slightly long in the tooth Civic) developed some sort of exhaust issue this morning and now it sounds like a douchebag's Civic  "
"4","1565326571","Mon Apr 20 06:29:11 PDT 2009","NO_QUERY","nayonaiser","Made a footrest out of a box of toner. Today will be okay. "
"4","2177021177","Mon Jun 15 05:16:51 PDT 2009","NO_QUERY","FondueChild","is looking forward to the travellage "
"0","2053913413","Sat Jun 06 06:03:54 PDT 2009","NO_QUERY","Jojo_sama","I just mad one piece of my slumber party outfit at frenzoo, but I can't see the picture now... and I can't wear it either "
"0","1795503146","Thu May 14 07:53:11 PDT 2009","NO_QUERY","nsarakas","Would have sent flowers, but I'm on Edge; no 3G. "
"4","1564931620","Mon Apr 20 05:24:01 PDT 2009","NO_QUERY","imjowright","@tonyrobbins the downunder? my favourite place  Welcome to twitter Sage"
"0","1557153196","Sun Apr 19 02:19:17 PDT 2009","NO_QUERY","LynzJ","Is back form Ireland. Had such a great time , I didn't want to come home but I got my dog and family to tend to, so I had to come back "
"4","2187574207","Mon Jun 15 20:29:02 PDT 2009","NO_QUERY","leviself","@withgoodworks sure thing. I'll make a copy tomorrow "
"0","1982028260","Sun May 31 10:22:53 PDT 2009","NO_QUERY","Layn_Summerviil","So freaking tired, but gotta go to work "
"4","1980160220","Sun May 31 05:53:36 PDT 2009","NO_QUERY","Applecored","@ArmyofNightwish soo looking forward to it "
"0","1754140143","Sun May 10 05:08:35 PDT 2009","NO_QUERY","familiarthemes","waking up early is totally not my thing "
"4","2054412092","Sat Jun 06 07:17:42 PDT 2009","NO_QUERY","Kochevoy","@ABBSound Ð£Ð³Ñ.. Ð¼Ð½Ðµ ÑÐ¾Ð¶Ðµ Ð¿Ð¾Ð½ÑÐ°Ð²Ð¸Ð»Ð¾Ñ?Ñ . Ð¯ Ð±Ñ Ñ? ÑÐ´Ð¾Ð²Ð¾Ð»ÑÑ?ÑÐ²Ð¸ÐµÐ¼ Ð¾ Ð´ÑÑÐ³Ð¸Ñ Ð¿Ð¾ÑÐ¸ÑÐ°Ð» "
"0","2256571559","Sat Jun 20 12:58:44 PDT 2009","NO_QUERY","EloiseFeeney","@TheKatieCherry ahhh, your so luckky! im good thanks. i want to see you soon  how has you day been? x"
"0","2012384180","Tue Jun 02 20:33:20 PDT 2009","NO_QUERY","gdruckman","@eschipul it's sad and it sucks  #recession #economy"
"0","2063676798","Sun Jun 07 03:38:11 PDT 2009","NO_QUERY","hannaht","I have a headache and i'm being dragged to liscard "
"4","2001246097","Tue Jun 02 00:16:29 PDT 2009","NO_QUERY","Bubblesss100","searching for a new bike luckily me &amp; mummzy r goin out on the town tomoro. "
"4","2065608594","Sun Jun 07 08:56:37 PDT 2009","NO_QUERY","JP_Button","@pixelsnatch Definitely   The show can't come fast enough"
"0","2016625614","Wed Jun 03 07:05:42 PDT 2009","NO_QUERY","lilluci44","Just dropped the car off at rdu.  i dont want to go home."
"0","2230063820","Thu Jun 18 16:35:23 PDT 2009","NO_QUERY","ajbee","I am so sunburnt.  "
"0","2258408902","Sat Jun 20 15:52:47 PDT 2009","NO_QUERY","ESTlady_Lauren","waiting on my sugar daddy to call me.... Baby wat r u doing? OMG i wanna play! "
"0","2299027110","Tue Jun 23 12:24:37 PDT 2009","NO_QUERY","kayteedeeaye","@feral9er ridiculous! aren't we the most loyal customers who bought the iphone when it was $500?? we should get the best treatment. "
"0","2254938977","Sat Jun 20 10:30:57 PDT 2009","NO_QUERY","itwashardlylove","Just ordered Zach Galifianakis' sunglasses from The Hangover. Sold out until July 7th. "
"4","2053557932","Sat Jun 06 04:58:32 PDT 2009","NO_QUERY","FitMenu","@MissWall  About to head to Kiawah or Folly Beach  for 60-70minutes = 600ish calories "
"0","1677077237","Sat May 02 00:21:38 PDT 2009","NO_QUERY","JazzieFresh","I missed Steve Aoki @ Icon. no bueno "
"4","1835871748","Mon May 18 06:55:27 PDT 2009","NO_QUERY","lecitykitty","Happy Birthday to my baby brother, I love you and thank you for the pretty tattoos  Happy 23rd!"
"0","2056488556","Sat Jun 06 11:14:11 PDT 2009","NO_QUERY","shaunarawrr_x","@emboosh oh fuck. thats dear. "
"0","2185843092","Mon Jun 15 17:59:18 PDT 2009","NO_QUERY","spazziness","@katiegb_78 I worked on that one today.... Not so great "
"0","1977154900","Sat May 30 20:14:20 PDT 2009","NO_QUERY","Charne","Why can't I be allergic to peanuts / shellfish? Something avoidable? Gah, Summer sucks! Damn grass &amp; trees &amp; nature! And darn dogs &amp; cats "
"4","2001323972","Tue Jun 02 00:31:02 PDT 2009","NO_QUERY","passionateartis","@MsMariaG I love NYC  so live... even the street entertainment is live lmao although a few shows were a lil bad..."
"4","2186062222","Mon Jun 15 18:18:06 PDT 2009","NO_QUERY","proverb1921","@firstcrusader, I want some orange juice as well... preferably freshly squeezed "
"0","2045290303","Fri Jun 05 10:30:45 PDT 2009","NO_QUERY","LouGuitar","My MacBook Pro Super Drive is now officially dead!   Not a"
"4","1835067665","Mon May 18 05:02:53 PDT 2009","NO_QUERY","jos897","@BeeScrapping oh &amp; yesterday i made my yearly say something so funny that ben is cracking up, will have 2 tell u later, its silly but LOL "
"0","2014888457","Wed Jun 03 03:01:07 PDT 2009","NO_QUERY","Rosinacarley","@DoraJarr start monday finish thursday, 4 in 4 days "
"0","2018847391","Wed Jun 03 10:36:16 PDT 2009","NO_QUERY","Kat_04071991","Lost another 3 followers  Ive not even said anything this time. Boo  Im in such a weird mood : / hmm.."
"4","1985034518","Sun May 31 16:17:49 PDT 2009","NO_QUERY","tonybgoode","@whitneyhess That sounds like a GREAT idea. I think I will do the same "
"0","1932564172","Tue May 26 21:43:39 PDT 2009","NO_QUERY","michellebadua","I'VE BEEN REALLY BUSY. I'm glad most of it is over, but there are still 2 big projects in my way, and my declining Bio too "
"4","1883347211","Fri May 22 08:24:27 PDT 2009","NO_QUERY","AberdeenUK","@JoeTheDon Follow me! "
"4","1557322253","Sun Apr 19 03:23:23 PDT 2009","NO_QUERY","Ensonya","great Race Seb. Vettel "
"0","1677475402","Sat May 02 02:16:25 PDT 2009","NO_QUERY","Aaron__Hill","World Snooker Semis, Magic Weekend &amp; Premiership Football all on tv today, but I've gotta go to the library to write about Tony Blair "
"0","2064018236","Sun Jun 07 04:56:56 PDT 2009","NO_QUERY","rochell3","What did i do wrong? where did i go wrong??  "
"0","1976104914","Sat May 30 16:35:45 PDT 2009","NO_QUERY","fishified","@ohmymoses LOL. I know I have to  but I've just been putting that way off LOL"
"0","2001008129","Mon Jun 01 23:34:28 PDT 2009","NO_QUERY","mis5e","@irasistible oh no! Drink lotsa fluids and see the doc if it gets worse! Its a bad time to be sick "
"4","2189112329","Mon Jun 15 23:16:09 PDT 2009","NO_QUERY","CforrClemmensen","yay i got blue eyeliner today! "
"4","2055431534","Sat Jun 06 09:18:15 PDT 2009","NO_QUERY","rosyblue","@thedomesticdiva Hola, waves. "
"4","2015376760","Wed Jun 03 04:30:04 PDT 2009","NO_QUERY","jamesmills","@james_chorley ha har! @jezThomp sent this to me this morning... signed up and taken a look... very impressive... I like "
"0","2323947392","Thu Jun 25 01:53:49 PDT 2009","NO_QUERY","LilSunshine89","2morrow 5 Days Killarney, without Internet "
"4","2051804192","Fri Jun 05 22:51:12 PDT 2009","NO_QUERY","sipperphoto","@nwphotographer as long s it doesn't rain, the clouds will be a sweet effect!  Have a great shoot! "
"0","1836203923","Mon May 18 07:34:16 PDT 2009","NO_QUERY","ShaunPynne","Had to take a sick day  it's crazy because I'll start missing the office by mid afternoon!"
"4","1562363052","Sun Apr 19 19:48:22 PDT 2009","NO_QUERY","EricHamm","@zen_habits Thanks for the link, Leo!   I just wached it and it really did pick my mood up. "
"4","1979538652","Sun May 31 03:28:54 PDT 2009","NO_QUERY","TianaMichelle","Swine flu...i kissed a pig and i liked it... "
"0","2051526065","Fri Jun 05 22:14:02 PDT 2009","NO_QUERY","MeganMassacrex","i miss are life plan, everything used to be perfect, how did it get ruined! "
"0","1982127795","Sun May 31 10:35:01 PDT 2009","NO_QUERY","Keffy","Supermassive Black Hole the goldfish is dying. I am fail at goldfish. "
"0","2255873414","Sat Jun 20 11:55:15 PDT 2009","NO_QUERY","Oddballfreak","@dinadonut I nver see u online.. "
"4","2176105194","Mon Jun 15 02:55:54 PDT 2009","NO_QUERY","flipfinger","@AlTheYid yep sounds just like the one I had.. Dont start me on the pistachios again puhleeze lol! "
"0","1882967913","Fri May 22 07:47:26 PDT 2009","NO_QUERY","CovenantGreen","@StarEcoStation Missed karaoke to benefit Surdrider.  Pls advise next time. Thx!"
"0","1691383215","Sun May 03 17:44:26 PDT 2009","NO_QUERY","mrlindner","why did i again forget to bring ice cream home with me?   ice cream, what's NOT for dinner"
"0","2228966120","Thu Jun 18 15:06:42 PDT 2009","NO_QUERY","LADii_LYNN","N3W TO THiS WHOL3 TWiTT3R THiNG...i N33D FRi3NDS "
"0","2205373002","Wed Jun 17 04:35:47 PDT 2009","NO_QUERY","JohnnyCullen","Whos good at translating Japanese? Need someone to translate a sentence for me, Google is doing fuck all for me "
"4","2066735739","Sun Jun 07 11:04:35 PDT 2009","NO_QUERY","Brenda_Bullet","On the road 2 Rockin Roots! "
"0","1979612361","Sun May 31 03:47:53 PDT 2009","NO_QUERY","Stanto","Bah, work has blocked access to watching TV online, no #btcc for me "
"4","2191277515","Tue Jun 16 04:55:51 PDT 2009","NO_QUERY","BradSabbath","@missmonnie no problem  ... doesn't seem to tweet much though"
"0","1997453547","Mon Jun 01 16:52:40 PDT 2009","NO_QUERY","Dancehc","I feel sorry for the bug i just squashed by accident SORRY BUG!! Bt it shudn't of been on my phone so it walked into death haha sorry "
"4","1826563173","Sun May 17 08:48:01 PDT 2009","NO_QUERY","RatedGRomance","Anyone know how to removed the search box from the header area in Word Press? (I'm using the &quot;magazine-basic&quot; theme.) Brain imploding... "
"4","1962749291","Fri May 29 11:35:24 PDT 2009","NO_QUERY","So_Talia","@vgreene1 I would be mad to if I had to work with those damaged nails! "
"0","2204493197","Wed Jun 17 02:21:42 PDT 2009","NO_QUERY","kshayyy","its 5:21 and im already at work  "
"0","1932895480","Tue May 26 22:28:39 PDT 2009","NO_QUERY","ptsiampas","@xntrek better, I thought I was going to be ok but woke  up this morning and couldn't move without feeling pain "
"0","2239358413","Fri Jun 19 08:26:47 PDT 2009","NO_QUERY","ANTIaverageKi3","Hmmm -- I'm wondering if I'm eligible for an upgrade so that I can get 3gS? (even though I know I'm not) "
"0","2234424173","Thu Jun 18 23:01:50 PDT 2009","NO_QUERY","mmmariaaageee","I hate storms "
"4","1990668844","Mon Jun 01 05:27:44 PDT 2009","NO_QUERY","KayeLacio","what i saw today in our house was extremely a surprise! okay i did not expect this shiz ) i have a new hard drive! "
"4","2051346753","Fri Jun 05 21:44:31 PDT 2009","NO_QUERY","Diana_Ramirez","Watching &quot;UP&quot; "
"4","2013209416","Tue Jun 02 22:09:02 PDT 2009","NO_QUERY","dontcallmeangie","rain rain rain rain rain.  penelope, roxie, and chloe are all sleeping. time to read and go to beddd. "
"4","2045807188","Fri Jun 05 11:15:53 PDT 2009","NO_QUERY","BeeGirlBlue","omg, the awesome hawaiian place has our date available. "
"0","2253160185","Sat Jun 20 07:41:31 PDT 2009","NO_QUERY","SarahG8s","Got this really nice dress and a nice top n this other dress was 2 big was still really nice n they didnt av it in a smaller size "
"0","1979512284","Sun May 31 03:22:09 PDT 2009","NO_QUERY","AnthonyRf09","@lemonsareyellow Can't wait!! I know MJ doesn't die though, it sounds scary though. "
"4","2070728010","Sun Jun 07 18:11:50 PDT 2009","NO_QUERY","purgelove","Watch: http://bit.ly/nTzPD  I can't wait for Joongie's new mv "
"0","2245594408","Fri Jun 19 16:21:30 PDT 2009","NO_QUERY","lindeezi","@MannyLyte Reggy @reggyreg never texts me. He says that I'm a stranger &amp; he doesn't know me "
"4","1792238867","Wed May 13 22:33:11 PDT 2009","NO_QUERY","karo3682","Platiico con alfreedO "
"0","1881413605","Fri May 22 04:35:31 PDT 2009","NO_QUERY","ryanmaxx","says my head is about to BURST! plurk got me insane (idiot) (tears) heLp me please..im not use to it  http://plurk.com/p/vgohi"
"4","2174766194","Sun Jun 14 23:15:58 PDT 2009","NO_QUERY","brenz88","@MrEricPiRaTe haha ohhh well I'm still not good... Love the sport tho "
"0","2031374436","Thu Jun 04 09:43:35 PDT 2009","NO_QUERY","ZeeBR","@leneubs  not fair!"
"0","2051588521","Fri Jun 05 22:21:25 PDT 2009","NO_QUERY","annmcd","Peetnik mysteries. Looks good. Will test next week http://bit.ly/ofYoT Need to finish reports  ... I mean start!"
"4","1985627466","Sun May 31 17:28:11 PDT 2009","NO_QUERY","Cali617","Even though I'm stuck in traffic on a Sunday night, life is beautiful! "
"0","1835395458","Mon May 18 05:53:42 PDT 2009","NO_QUERY","addersop","@timdee Even with all that CSO?! I watched the VHS once and didn't have another go. Liked ep1 but it didn't grab me, sadly "
"4","1965409639","Fri May 29 15:52:16 PDT 2009","NO_QUERY","corymegitt","@AmberTraffic that's her.  Date #4 tonight "
"4","1676130125","Fri May 01 21:10:38 PDT 2009","NO_QUERY","katiecassandra","ahhaha.  SHT. I'm bipolar. mother.."
"0","2014382416","Wed Jun 03 01:20:41 PDT 2009","NO_QUERY","timebenezer","At CAPgemini in Aston - what a grey day too "
"4","2188092152","Mon Jun 15 21:17:17 PDT 2009","NO_QUERY","BLucke","@dbelcham T says she is sorry to make you play secretary.  But also, cheese is not got for you "
"0","2179048490","Mon Jun 15 08:34:17 PDT 2009","NO_QUERY","1LKO","Still on the big quest trying to locate my bag  bringgg back o bringg back, bring back my baggie to meeeee (8)"
"4","2059947592","Sat Jun 06 17:57:40 PDT 2009","NO_QUERY","bill_oh_bill","@287EdisonAvenue congratulations my friend  FSU"
"0","2177027632","Mon Jun 15 05:17:42 PDT 2009","NO_QUERY","laslyr","Monday is here   I guess it can be fun all the time."
"4","1834950358","Mon May 18 04:42:26 PDT 2009","NO_QUERY","hypnoticyogi","@alanhalsted you especially come to that conclusion when you begin to meditate "
"4","1976497314","Sat May 30 17:30:57 PDT 2009","NO_QUERY","glenda815","@stracergirl cross timbers "
"4","1988989272","Sun May 31 23:59:47 PDT 2009","NO_QUERY","bethgg","I love Des Coleman  The funky funky weatherman!"
"0","2018840294","Wed Jun 03 10:35:37 PDT 2009","NO_QUERY","DoggyOggy","Follow-up appt are the worst - still at the doctor's office "
"0","2176654204","Mon Jun 15 04:25:51 PDT 2009","NO_QUERY","Schoonerrr91","i dont want ella to go to new york tbh.  and i dont want to work today when it's nice weather outside. fml!!!!!!!!"
"0","2217135362","Wed Jun 17 20:26:31 PDT 2009","NO_QUERY","Jessimikaaaa","im so angryy! my phone internet still isn't working  garhhhhhh!!!!"
"4","2061921723","Sat Jun 06 21:55:11 PDT 2009","NO_QUERY","ashbyzyrex","lepaking at McD wif hubby "
"4","1677751215","Sat May 02 03:47:15 PDT 2009","NO_QUERY","sOfAhh101","Hahaha well im on twitter hahah annd i had netball and we lost so tht was Just Plain Stupid lol appart from tht nothing haha "
"0","1565421960","Mon Apr 20 06:43:08 PDT 2009","NO_QUERY","RichardElliott","@MattJo still down  I swear I did nothing"
"4","1979105508","Sun May 31 01:39:40 PDT 2009","NO_QUERY","mynameisalexa","@gvryupangco It's okay. Things will be okay. "
"4","2003004707","Tue Jun 02 05:40:17 PDT 2009","NO_QUERY","Cath3RiiN3","Yo! I am not in the airport yet "
"0","1677195611","Sat May 02 00:53:22 PDT 2009","NO_QUERY","DlaremeFunshine","@LehcarLincecum yeah... I was fastforward and saw no more game and started to listen and Burriss is bunting and gets hit. "
"4","1827421942","Sun May 17 10:40:36 PDT 2009","NO_QUERY","Catmoo","Really would like to see Coraline soon plus maybe Synecdoche, New York afterwards...or before either is good  need some time "
"0","2286747895","Mon Jun 22 16:52:16 PDT 2009","NO_QUERY","xTinkerbell","has got pins &amp; needles and dizzy so going to lie down before I faint "
"0","1972248835","Sat May 30 08:51:58 PDT 2009","NO_QUERY","karcassdollface","uggh i didnt go to six flags today because of these goddam cramps "
"4","1695653802","Mon May 04 06:38:48 PDT 2009","NO_QUERY","luvnhapyness","@AndreaNBC13HD You're right....I'm 29 and  I've heard the song a time or two "
"4","2057333720","Sat Jun 06 12:48:31 PDT 2009","NO_QUERY","Cleosmummy","@AntonPowers ... definate loony!!  This was proven wen he drank elephant dug juice!!! WTF??!!!!! "
"4","1557257764","Sun Apr 19 02:58:36 PDT 2009","NO_QUERY","rajaseelan","progressive trance is the runrer's nicotine "
"0","2194671137","Tue Jun 16 10:06:20 PDT 2009","NO_QUERY","tifpez","@Lolly_B mmm i prefered the old dumbledore, but obv that wont happen  i like sirius! awh no...cedric just died "
"4","1962959679","Fri May 29 11:59:20 PDT 2009","NO_QUERY","carthonasi","@female_revan Ouch. You hurt my man-pride with that one. But wouldn't you rather have someone like me, who isn't a crazy ex-assassin? "
"4","1679382705","Sat May 02 09:13:17 PDT 2009","NO_QUERY","LondonTown_KAT","@JoesarAlva Wow....thats pretty cool....neva seen anything lyk that....LOL "
"4","2067528961","Sun Jun 07 12:30:21 PDT 2009","NO_QUERY","Jonas_Sisters","@Jonas_Sisters Breaking News! Sorry A Latee Votee Has Changed Thee Last Result. Joe Is Now Second Too Nick "
"0","2194023503","Tue Jun 16 09:14:31 PDT 2009","NO_QUERY","mister_frisky","Day three of iPhone deprivation and I'm starting to lose it.  The Nokia gave out and I'm on an old T68i "
"4","1966485771","Fri May 29 17:51:18 PDT 2009","NO_QUERY","annemul","I was sooo happy to see so many juniors and alumni today  love love love"
"4","1969016012","Fri May 29 22:48:13 PDT 2009","NO_QUERY","lamw","@astorrs awwww come on  ..... its PG13 heh Yea I'm so stoked...kinda sucks because it falls right on my gf bday hahah...shes like greattt"
"4","1968939222","Fri May 29 22:35:50 PDT 2009","NO_QUERY","Kels1979","@Pink and Melbourne loves you as well...Ill be seeing you tomorrow night  X"
"0","2229742933","Thu Jun 18 16:08:38 PDT 2009","NO_QUERY","Bec_ladypink","has had too much coke and mind is swimming with lots to think about (mainly what cheesecake to make for Fathers Day). Can't get to sleep "
"4","1684793629","Sat May 02 22:04:01 PDT 2009","NO_QUERY","shawnaaaa","Going to bed now... It was great to hang out with TJ today... "
"0","2286880036","Mon Jun 22 17:03:07 PDT 2009","NO_QUERY","elyse10","hates the arizona heat. "
"4","1552004954","Sat Apr 18 10:32:15 PDT 2009","NO_QUERY","THe_RuGGeD_MaN","@MissSididdy hmm nah not really just chill and relax and o yeah of course TWITTER  how bout u?"
"0","1975996401","Sat May 30 16:21:41 PDT 2009","NO_QUERY","SHANTICRAZYSEXI","desperate need of some fun fetti cup cakes "
"0","1833694613","Mon May 18 00:08:06 PDT 2009","NO_QUERY","ANTD123","How good was 'Monster at the end of this book' last night? Bad news is it isnt on for another 2 weeks! "
"4","2174521737","Sun Jun 14 22:43:48 PDT 2009","NO_QUERY","ViiviiH","I'm going! \o/ see you later guys! haha' "
"0","2002421692","Tue Jun 02 04:09:56 PDT 2009","NO_QUERY","sjlamoreaux","good morning everyone! can't sleep "
"4","2050847843","Fri Jun 05 19:24:04 PDT 2009","NO_QUERY","nevershoutnneka","@watchmeshinex don't let Joseph kill you tomorrow. "
"0","1677006297","Sat May 02 00:03:55 PDT 2009","NO_QUERY","marnieb","@Phreakazoid Very. Still got it, after 4 Nurofen Plus.  How you going? When are you coming to visit? :p"
"4","1551056234","Sat Apr 18 08:01:41 PDT 2009","NO_QUERY","hops1209","hey twitter people!! I'm off to church. I hope you a good day and enjoy the sun, if it's out for you  HOLLA!"
"0","2069317668","Sun Jun 07 15:39:26 PDT 2009","NO_QUERY","Luthie06","Can't wait to be home and actually pretend I have a summer....too many mixed feelings about a lot of things "
"4","1956688424","Thu May 28 22:26:46 PDT 2009","NO_QUERY","RobMoore4","loves life these days "
"0","1982045568","Sun May 31 10:25:03 PDT 2009","NO_QUERY","NightWatchElf","http://twitpic.com/6cd5m - Yeah  you should have seen her when we emptied it out of the bags, she actually froze with an expression li ..."
"4","2189937685","Tue Jun 16 01:18:42 PDT 2009","NO_QUERY","bbritu","@Gretskiii I understood what u said . "
"4","2070172706","Sun Jun 07 17:13:17 PDT 2009","NO_QUERY","the_nikster","gonna shower and then watch the breakfast club "
"4","1468974003","Tue Apr 07 04:39:47 PDT 2009","NO_QUERY","victoria_ikoku","enjoying half term, a new house and a new life "
"4","2193106411","Tue Jun 16 08:00:22 PDT 2009","NO_QUERY","sah_86","yesterdaY was a wonderful day  i love my boy sooooo much "
"0","2262049722","Sat Jun 20 21:47:56 PDT 2009","NO_QUERY","MattGarcia1638","someone find me a gf "
"4","2002498842","Tue Jun 02 04:23:29 PDT 2009","NO_QUERY","spiller2","@NCIRL thanks for the add! "
"0","2227590691","Thu Jun 18 13:23:20 PDT 2009","NO_QUERY","emilypryde","@seonaid_bbz i knoww i missed you too  anything exciting happen? x"
"4","1970001221","Sat May 30 02:03:04 PDT 2009","NO_QUERY","Carrot_ness","Listening to La La Land   and,, MSN,, again.!"
"0","2224460328","Thu Jun 18 09:31:44 PDT 2009","NO_QUERY","Polyobject","Well I WON'T be going to see #Ohmymaybee spin tonight so back to the Cellar for the regular happy hour gig it is.. kind of disappointed "
"0","1835098003","Mon May 18 05:07:54 PDT 2009","NO_QUERY","trendyshoppes","@turnaroundart I have 3 computers and a laptop but I have 1 primary and always hate it when that one is sick   hope they can fix it 4 u!"
"4","2051515218","Fri Jun 05 22:12:46 PDT 2009","NO_QUERY","Rosie21","PAH! Cousin made my day! LOVE HIM!  Went out for dinner at Outback &amp; then Movies, saw the Hangover BEST MOVIE OF 2009!!!   "
"0","1563919675","Mon Apr 20 00:52:40 PDT 2009","NO_QUERY","kennyduduxd","wish i knew about the show at SG academy "
"4","1676483327","Fri May 01 22:10:49 PDT 2009","NO_QUERY","Oliver_Mint","Yay i got an offer for a currogate mother!  how exciting ahhh"
"0","1969628680","Sat May 30 00:39:55 PDT 2009","NO_QUERY","nettaxx","reall sick and boredd "
"0","2249340095","Fri Jun 19 22:08:57 PDT 2009","NO_QUERY","imeldamatt","@tiphereth nary a pretty face to be seen "
"0","2226841925","Thu Jun 18 12:27:19 PDT 2009","NO_QUERY","tashaluvadrian","@SoWavY45 I KNOW "
"4","1678172832","Sat May 02 05:47:19 PDT 2009","NO_QUERY","fuseboxradio","@malakhithegift Hey there Bro, am doing OK, and you? "
"0","2239337350","Fri Jun 19 08:25:14 PDT 2009","NO_QUERY","srneubauer","They denied me when I tried to give blood today!  Stupid colds that don't want to go away completely!!!"
"0","2283968115","Mon Jun 22 13:17:41 PDT 2009","NO_QUERY","kristywilliams","my brother's graduation is today, he's all grown up now "
"4","1991292787","Mon Jun 01 06:46:17 PDT 2009","NO_QUERY","HimOverThere","@lizzy1e &quot;Despite the hustle and bustle of a city alive with activity, the air was still and almost silent,&quot; was written as you tweeted! "
"0","1827947262","Sun May 17 11:46:37 PDT 2009","NO_QUERY","ebarcus","@derekwm yes sir!  It was awesoem except I missed church "
"0","2218932882","Wed Jun 17 23:26:35 PDT 2009","NO_QUERY","Julie_Rachael","Were you serious about that happy meal?! ...its not coming is it? "
"0","2261121696","Sat Jun 20 20:17:46 PDT 2009","NO_QUERY","Nayuke","@TVXQUKnow oppa, how are you? why didn't you reply to me T.T....i'm so sad "
"4","1677411189","Sat May 02 01:56:33 PDT 2009","NO_QUERY","jaxxbizkit","@jamiebabiiii living it up in california then eh! "
"0","1573788727","Tue Apr 21 02:51:54 PDT 2009","NO_QUERY","Steph_K","has a paper cut on every finger.. office work is a lot more dangerous than you would think, I look like I've has a fight with a kitten "
"0","1834366431","Mon May 18 02:39:44 PDT 2009","NO_QUERY","OMGitsJessieLee","@KurtTracy not so good. just found out an amazing friend died thursday morning. "
"4","2069550341","Sun Jun 07 16:05:02 PDT 2009","NO_QUERY","redemption2005","@ronasmy I also have a break in the middle! "
"0","1836563727","Mon May 18 08:13:08 PDT 2009","NO_QUERY","Reggiekc","Monday.... Lucky me.  "
"0","2285698061","Mon Jun 22 15:27:50 PDT 2009","NO_QUERY","zeroskilz","is sad that he cannot afford to go to Europe this year.  Sorry Simon and Jen.  "
"4","2058622391","Sat Jun 06 15:18:16 PDT 2009","NO_QUERY","snedwan","@NiaBassett do share "
"4","2060732857","Sat Jun 06 19:28:22 PDT 2009","NO_QUERY","woahitsmarkie","follow me  &lt;3"
"0","2069434872","Sun Jun 07 15:52:25 PDT 2009","NO_QUERY","GrabMoL","@ETK1 I don't know. I'm hoping it gets better tomorrow. "
"4","2072390340","Sun Jun 07 20:56:08 PDT 2009","NO_QUERY","saludares_anne","@dhurianne from what place ??? "
"4","1685743201","Sun May 03 01:51:10 PDT 2009","NO_QUERY","nicooolecelis","just watched Super Sweet 16 on MTV "
"4","2186999380","Mon Jun 15 19:38:37 PDT 2009","NO_QUERY","MusicGirl87","come on lets get to 90 followers by the end of the night plz "
"4","1753989203","Sun May 10 04:28:01 PDT 2009","NO_QUERY","Ivanakristi","@ameliaastuti hohoho..let's dance together then.. "
"0","1977048679","Sat May 30 19:58:04 PDT 2009","NO_QUERY","MagdaS","Turns out I did love la   http://twitpic.com/6b5jh"
"4","2051166680","Fri Jun 05 19:59:03 PDT 2009","NO_QUERY","avrilchan","@donoogle_com Wow congratulations to your winner, and I hope you're feeling better "
"4","1880049215","Thu May 21 23:56:35 PDT 2009","NO_QUERY","Deepak_Aujla","@aymentv WTF!? Thats mad! Lol, I was in national youth theatre with him last summer  tell him, 2 do the phone in, interview 4 BBC Derby "
"4","1960716367","Fri May 29 08:23:50 PDT 2009","NO_QUERY","CarriePink","so people i really need to go clean off my desk, then i have a lunch meeting at 1pm.. hair salon at 5pm..what a way to start the weekend! "
"4","1976489407","Sat May 30 17:28:15 PDT 2009","NO_QUERY","jfrmcl","hi i'm new "
"0","2282455728","Mon Jun 22 11:23:29 PDT 2009","NO_QUERY","keep_calm","Really lonely. "
"4","1991568982","Mon Jun 01 07:16:34 PDT 2009","NO_QUERY","jaminkitty06","Off to work - Please o Please let me have some easy patients today "
"4","1691197165","Sun May 03 17:19:05 PDT 2009","NO_QUERY","KatherineL_F","Took the dog for a little walk on the trail head. Church in a little bit, then perhaps over to PO "
"0","1971477930","Sat May 30 07:12:20 PDT 2009","NO_QUERY","rjjramirez","Finally good weather.  Motorcyle getting fixed mower is down.  Not sure what to do? "
"4","1984037176","Sun May 31 14:19:06 PDT 2009","NO_QUERY","GirlMeetsBeau","@chicrunner so excited for you!!! can't wait to hear all about it! relax now "
"0","2174349288","Sun Jun 14 22:22:09 PDT 2009","NO_QUERY","Shayisthe1","Long nice bath now I feel great! Dang I haven't had dinner yet  LOL WiNgStop!"
"0","2182608728","Mon Jun 15 13:23:53 PDT 2009","NO_QUERY","redfootedpanda","@muthatung Still no sign of the bird though. Not looking good "
"4","1980831139","Sun May 31 07:47:02 PDT 2009","NO_QUERY","sehran","I got up at 7:30 in the evening. "
"4","1970149350","Sat May 30 02:39:27 PDT 2009","NO_QUERY","pob34","@nessie_111 not bad thanks, planning bbq and looks like quite alot of peeps are turning up.   "
"0","2262908261","Sat Jun 20 23:30:13 PDT 2009","NO_QUERY","rushme2112","@Chip1029 Sometimes he looks good other times not. It's the lighting I tell myself.  I was pissed Skinman got so little screen time. "
"4","1968887456","Fri May 29 22:27:55 PDT 2009","NO_QUERY","ericaoyoung","@DJDRAMA Sup Drama! Thanks for the interview last night. "
"4","2180324026","Mon Jun 15 10:18:53 PDT 2009","NO_QUERY","MagicNeverEnds","@mattfrompa I just liked the interaction with the kids...it was very cute "
"4","2066698723","Sun Jun 07 11:00:34 PDT 2009","NO_QUERY","wolstenclark","Goin' to work. 2:30-close. Text it if you know it. "
"0","2203445150","Tue Jun 16 23:45:23 PDT 2009","NO_QUERY","She_shines92","@Killaya Justin and Robin came out for pics, hugs, autographs. I was so fucking CRUSHED when I found out on ETS. It still kills me. "
"4","1759348632","Sun May 10 19:01:07 PDT 2009","NO_QUERY","daifukumochi","@nolini Get a pretty skin, move your url to the bottom and move your window down so the url bar is hidden. "
"4","1563513551","Sun Apr 19 23:07:33 PDT 2009","NO_QUERY","DPeezy702","@sweetnheavenly yoooo wussup "
"4","1468682656","Tue Apr 07 03:08:31 PDT 2009","NO_QUERY","onion2k","@kimedia Lovely website. Very &quot;Web 2.0&quot;. "
"0","1997063099","Mon Jun 01 16:11:14 PDT 2009","NO_QUERY","NukeSpoon","@Kavem4n but there is no endurance run this week "
"0","1957345942","Fri May 29 00:13:15 PDT 2009","NO_QUERY","zainy","@ayawan I actually meant to type &quot;end of September&quot; but I was in the middle of a conversation with someone and I cant multitask "
"4","2068780232","Sun Jun 07 14:41:08 PDT 2009","NO_QUERY","lisisilveira","Recommended @fengshuitips4u to @MrTweet 'Ahh can't live without his feng shui advice  !' http://cli.gs/9rjmbL"
"0","2232720809","Thu Jun 18 20:18:00 PDT 2009","NO_QUERY","iwant2believe","@techninjoe cause im a weakling..lol..for real tho im a preme..born 2 months early so i got like bad heart, bad sight, bad back, umm yea "
"4","1468772128","Tue Apr 07 03:39:12 PDT 2009","NO_QUERY","nicoleremonde","having fun listening to gino and fran. "
"0","2060992151","Sat Jun 06 19:58:26 PDT 2009","NO_QUERY","steviedaniele","@lindsayxoo me too! but i have no money. "
"4","1794358793","Thu May 14 05:37:34 PDT 2009","NO_QUERY","victoriaquinnxo","in canadian literature, not paying attention and reading a book "
"4","1695344476","Mon May 04 05:54:02 PDT 2009","NO_QUERY","iheartbowheads","@catholicgirlyz ohhhhh with ya "
"0","1556258139","Sat Apr 18 22:10:34 PDT 2009","NO_QUERY","matty_williams","@michalabanas Hey Michala! And yes, I have to work too. "
"0","1994228098","Mon Jun 01 11:36:40 PDT 2009","NO_QUERY","iHaps","Had a good afternoon nap, woke up with a banging headache tho "
"0","2213012902","Wed Jun 17 14:49:25 PDT 2009","NO_QUERY","prettylittlebow","omg my teeth are agony. i cant eat  i so better loose weight ha!"
"4","2031914570","Thu Jun 04 10:30:07 PDT 2009","NO_QUERY","rougemoto","@hugheswb And you wonder why I was apprehensive to drink the beach juice at Nassau http://tinyurl.com/ntf59r "
"4","1836339846","Mon May 18 07:49:17 PDT 2009","NO_QUERY","dogstrust","@ideasuk We release places in Oct/Nov, after ballot results. Email fundraiseforus@dogstrust.org.uk for more info - and thank you! "
"4","2015127020","Wed Jun 03 03:47:05 PDT 2009","NO_QUERY","JoshuaRitmeijer","@elvinanoii haha no haven't got any today but soon i will get some more  haha"
"4","1989284200","Mon Jun 01 00:59:34 PDT 2009","NO_QUERY","JoanLove","starting the bible in a few hrs!  kind of excited to finally buckle down and finish it!"
"4","1932591775","Tue May 26 21:47:10 PDT 2009","NO_QUERY","hollymarie28","stare at you was my wedding song got married this past october  @NKAirplay "
"4","1556723810","Sun Apr 19 00:02:45 PDT 2009","NO_QUERY","loveivy","back to repeating the climb by hannah montana, i'm done repeating the world's greatest by r. kelly "
"4","2015556546","Wed Jun 03 04:58:24 PDT 2009","NO_QUERY","caseysoftware","@bdeshong Congrats, I'm glad everything went so well "
"0","1976408554","Sat May 30 17:15:49 PDT 2009","NO_QUERY","Volcombby","cooking dinner..which i wont eat. trying to get my mind off of what happened... "
"0","1978140593","Sat May 30 22:32:37 PDT 2009","NO_QUERY","scarlett88rose","trying to download movies to my MP4 but it won't work! i'm so frustrated. i've been trying it for more than an hour "
"0","2210695594","Wed Jun 17 11:54:21 PDT 2009","NO_QUERY","robinelaine","@PhilMasteller Maybe I won't upgrade tonight.  I wonder if it's a widespread problem."
"4","2061284037","Sat Jun 06 20:33:01 PDT 2009","NO_QUERY","jessicadnguyen","Just wait kathy "
"4","2180251954","Mon Jun 15 10:12:55 PDT 2009","NO_QUERY","angrysauseeg","@itstayloryall welcome, officially, to paramore! "
"0","1981221229","Sun May 31 08:41:23 PDT 2009","NO_QUERY","marymaygirl","one of my wisdom teeth are coming through and the whole side of my face aches "
"4","1975580595","Sat May 30 15:27:37 PDT 2009","NO_QUERY","laura_thompson","@JonathanRKnight Okay, THAT was funny  I think your tweets are my favorite"
"0","2015706567","Wed Jun 03 05:19:55 PDT 2009","NO_QUERY","uniquelysteph","@blayze316 I fell asleep before Conan came on last night! "
"0","2284828781","Mon Jun 22 14:22:04 PDT 2009","NO_QUERY","amandaaly","My advisor accidentally punched me. I got a bruise "
"0","1961256717","Fri May 29 09:13:21 PDT 2009","NO_QUERY","worldonfire54","Screw it goin back to bed,,ill just go tomorrow ,,,,,kinda sad "
"0","1969877841","Sat May 30 01:34:12 PDT 2009","NO_QUERY","juliaarghh","wishes One Tree Hill season 6 was aired in Australia "
"0","2254517083","Sat Jun 20 09:52:18 PDT 2009","NO_QUERY","andylockran","ooh.. smooth radio DJ just messed up big style "
"0","2186235735","Mon Jun 15 18:32:59 PDT 2009","NO_QUERY","Iam_Angela","@MyInnerJuCJuice Hey Juicy! Not tweeting to much, spent time with my mum today! And my dad wants me off tw...so  i'll have to be careful. "
"0","1694657858","Mon May 04 03:36:01 PDT 2009","NO_QUERY","Angwel","I want to go have review classes too  BUMMER SUMMER :|"
"4","1975138332","Sat May 30 14:31:36 PDT 2009","NO_QUERY","BradDanaSmith","Sending out my first &quot;Tweet&quot;   How did I do? "
"0","2262187551","Sat Jun 20 22:02:32 PDT 2009","NO_QUERY","MrsDazzle","I just gave my daddy his fathers day presents &lt;3 He loved them, but one of them was broken  FML"
"0","2327752571","Thu Jun 25 08:44:36 PDT 2009","NO_QUERY","Anjaaaaaa","i hate being sick. and i'm running out of tissues "
"4","2001354385","Tue Jun 02 00:36:43 PDT 2009","NO_QUERY","MissKsyn","@champlife thanks hun. "
"4","2178835988","Mon Jun 15 08:16:23 PDT 2009","NO_QUERY","jenh12583","its a beautiful day out - maybe for a run after work? hopefully! "
"0","2230324433","Thu Jun 18 16:57:20 PDT 2009","NO_QUERY","vanessammm","fuck my life. I definitely have to retake the written "
"4","2191402837","Tue Jun 16 05:12:03 PDT 2009","NO_QUERY","JustYassy","Just rememberd my dream was kinda cool. "
"0","1835692714","Mon May 18 06:33:08 PDT 2009","NO_QUERY","grayzo","@JordanSykes tell me about it. what would you give to be there liiike? "
"4","1988989007","Sun May 31 23:59:44 PDT 2009","NO_QUERY","ozdj","@brasseriebread Didn't see you there y'day when I went up to buy some Dutch cocoa. But I did befriend the lady doing icecream sampling! "
"4","1882697614","Fri May 22 07:19:52 PDT 2009","NO_QUERY","MsPonita","@bryantma No... but then I only have 23. Now *I* am the lightweight. "
"4","2192581552","Tue Jun 16 07:15:00 PDT 2009","NO_QUERY","vinwoz","@CrystalGibson I already did "
"0","2226630138","Thu Jun 18 12:11:18 PDT 2009","NO_QUERY","MeganOnToast","@MariaBrink Gutted that i missed you at Download "
"4","1968265136","Fri May 29 21:05:19 PDT 2009","NO_QUERY","mvchrissy","@RDBONES #frinightfever loving your quickness  This is so fun!"
"4","1990329011","Mon Jun 01 04:33:58 PDT 2009","NO_QUERY","Heyy______","Well, I have to get ready for school now..... 13.5 DAYS LEFT!!!!!!! woot woot!! "
"0","2247034427","Fri Jun 19 18:29:30 PDT 2009","NO_QUERY","jeniffler","@deadlyhouses YAY! When are you coming back? I want to watch more Chuck tonight. "
"0","1752469054","Sat May 09 22:00:40 PDT 2009","NO_QUERY","sarah_1228","well turned off the game "
"0","2000517485","Mon Jun 01 22:17:46 PDT 2009","NO_QUERY","nalanidanielle","misses the Warren girls! "
"4","2000431925","Mon Jun 01 22:06:06 PDT 2009","NO_QUERY","tehpirate","@ soberbob Yeah they are out of things a lot. I had mango my first time. I was in around 5 for a pineapple one "
"0","2193322521","Tue Jun 16 08:18:01 PDT 2009","NO_QUERY","kylebattis","uggh...my poor Puppy is still limping from her ACL surgery.  Poor little girl  "
"0","1693998268","Mon May 04 00:37:51 PDT 2009","NO_QUERY","MichaellaBassam","@dannykurily aww poor danny!  @AlexAllTimeLow must feel really bad. I hope you feel better. Has it gotten any better?"
"4","2176630374","Mon Jun 15 04:22:15 PDT 2009","NO_QUERY","trublman","A bright sunny day and I'm off to lunch with an old friend. Looking forward to it. Life is good. "
"4","1573349982","Tue Apr 21 00:46:13 PDT 2009","NO_QUERY","SomeURL","@Metzypants You can't buy me in shops  Special male order only (tehehe crap puns &lt;3)"
"4","1977185611","Sat May 30 20:19:19 PDT 2009","NO_QUERY","trouble182","think i've decided on my quote tattoo for my back, last verse of Invictus  'i am the master of my fate, i am the captain of my soul'"
"4","1694768606","Mon May 04 04:02:57 PDT 2009","NO_QUERY","detlef_c","Thanks for the follow, Doug. I like that hat "
"0","2066397980","Sun Jun 07 10:26:40 PDT 2009","NO_QUERY","BrandyMain","i wish i could see @mitchelmusso "
"4","2179973099","Mon Jun 15 09:50:16 PDT 2009","NO_QUERY","velvetescape","@WantToGoTravel It sure was. Yum! "
"0","2204898260","Wed Jun 17 03:25:35 PDT 2009","NO_QUERY","Zyote","Anyone recommend me a lightweight bandwidth monitor for OS X?  preferabbly a dashboard widget.  I need to ensure i don't go over 10GB/pm "
"4","1964603335","Fri May 29 14:30:08 PDT 2009","NO_QUERY","djsoundwave1","@AshleySemila 70+ pairs of kicks. Dunks, air max, jordans even some adidas and of course BLAZERS! I KNO U KNO ABT BLAZERS.  Owwww"
"4","1997216086","Mon Jun 01 16:27:35 PDT 2009","NO_QUERY","thesportsdiva","@wyenny I'm a fan of what I pay for my phone  Sprint has good pricing."
"0","1795038700","Thu May 14 07:02:36 PDT 2009","NO_QUERY","ohhellnaw88","Is watching Maury...shit, I am the father "
"0","2064452152","Sun Jun 07 06:18:18 PDT 2009","NO_QUERY","happymabee","@mitzed is it summer there? there's too much rain here!! "
"4","2177067055","Mon Jun 15 05:22:44 PDT 2009","NO_QUERY","SweetandDark","@xElenixMartianx sure  thanks, btw, love your new profile pic! "
"0","2062268363","Sat Jun 06 22:45:52 PDT 2009","NO_QUERY","ThinkHaphazard","Mum is going tomorrow. And she gets back Wednesday. If everything goes to plan. I hope it does "
"0","2251207989","Sat Jun 20 02:46:31 PDT 2009","NO_QUERY","__laurenS","@dannieannie not going  world tour's more important to me atm"
"0","2206095037","Wed Jun 17 05:59:53 PDT 2009","NO_QUERY","JulieMelano","@SallyHBewsey http://twitpic.com/7m5wh - Oh dear. Obviously I'm too late. All gone. "
"4","1834429371","Mon May 18 02:54:09 PDT 2009","NO_QUERY","RuggerLace","@WalkerSports awww goosephabra ... chillax a little  itll be ok. I promise"
"4","2015753052","Wed Jun 03 05:26:20 PDT 2009","NO_QUERY","evesebire","500 UPDATES. ^___^ @ackehurst How did you know. "
"4","1976337888","Sat May 30 17:06:28 PDT 2009","NO_QUERY","shmamanthuh","If you build it, nerds will come. from benchwarmers  #favmoviequote"
"4","2176091237","Mon Jun 15 02:53:24 PDT 2009","NO_QUERY","nikkiv27","Must go... chat later "
"0","2014646901","Wed Jun 03 02:13:13 PDT 2009","NO_QUERY","Ellwoogie","just saw the beyonce &quot;ego&quot; video.. damn it why havent i got tickets to see her "
"4","1675863134","Fri May 01 20:30:35 PDT 2009","NO_QUERY","garystager","@glovely I suspect that TCEA is the source of swine flu. Of course, I could be wrong "
"4","2056933375","Sat Jun 06 12:03:52 PDT 2009","NO_QUERY","BD_24","I just found out my first draw back to reading twitter. Don't look it a race is taped delayed..LOL "
"4","1970379979","Sat May 30 03:37:53 PDT 2009","NO_QUERY","maganda214","i already removed &quot;CNN NEWS&quot; in my following.. sila pumupuno sa twitter updates ko eh!! "
"4","2001233265","Tue Jun 02 00:14:12 PDT 2009","NO_QUERY","FoneArena","@rishminder  lol blame @khouryrt and @nokiaconv for that "
"0","2187007427","Mon Jun 15 19:39:19 PDT 2009","NO_QUERY","jeanniepot","Rainy Tuesday and back to work later "
"0","2219408094","Thu Jun 18 00:28:15 PDT 2009","NO_QUERY","Kromm","Weeeee! No more work until next Thursday! Well, unless you count things like washing, cleaning, walking dogs.........................damn "
"4","1753568654","Sun May 10 02:17:41 PDT 2009","NO_QUERY","Siimoneee1","@PerezHilton it looks like you have a lot of fun with lady gaga "
"4","2052456816","Sat Jun 06 00:47:35 PDT 2009","NO_QUERY","frombecca","@mizmaggieb ahh but it might be a week or two before THAT post is ready  promises to be fabulous though"
"0","2183497535","Mon Jun 15 14:35:13 PDT 2009","NO_QUERY","xenarena1022","I want to go to California, but under different circumstances. "
"4","2056537414","Sat Jun 06 11:19:37 PDT 2009","NO_QUERY","dzoid11","At the Blackbeard pirate festival with gloria n juan antonio!!!  "
"0","2216374464","Wed Jun 17 19:23:56 PDT 2009","NO_QUERY","jrodn09","Too much lightning!!! "
"4","2012540417","Tue Jun 02 20:50:13 PDT 2009","NO_QUERY","AmyWildes","oh the phone with joshyyy  i miss his big booty."
"0","1755639061","Sun May 10 09:39:02 PDT 2009","NO_QUERY","lucyucy","y wont sam reply "
"4","2181301094","Mon Jun 15 11:38:31 PDT 2009","NO_QUERY","SZoege","@marnuscoetzee Great news! so longer an alien "
"4","1970891589","Sat May 30 05:34:03 PDT 2009","NO_QUERY","wsellers","I wanna do more portraiture.  I work for free... "
"4","1827075035","Sun May 17 09:56:27 PDT 2009","NO_QUERY","cheyennexo","@khasidyjonas i read ur tweets! "
"4","2051327342","Fri Jun 05 21:40:16 PDT 2009","NO_QUERY","yukijamie","@evanbandaids wooow that's sounds really great!!! have fun &lt;3 not much too  it's 1:40pm here in Japan and I just woke up. lol LAZYYYY xD"
"4","2174692889","Sun Jun 14 23:06:02 PDT 2009","NO_QUERY","savannDUH","Josie and the pussycats is on!!! "
"4","2052160909","Fri Jun 05 23:50:48 PDT 2009","NO_QUERY","DahlSimon","Sunshine here at the morning meeting in Smedjebacken "
"0","2050122028","Fri Jun 05 18:06:20 PDT 2009","NO_QUERY","Vixyfairy","oh jeez it 2:05 am here and me is not tired anymore  boyfriend is sleeping and im all on my own  xx"
"4","1467841428","Mon Apr 06 22:27:48 PDT 2009","NO_QUERY","suzi98babe","Watchin Greek then off to Knighty Knight!! "
"0","1826981617","Sun May 17 09:44:12 PDT 2009","NO_QUERY","misssstacie","wants to go backkk "
"4","2014875234","Wed Jun 03 02:58:42 PDT 2009","NO_QUERY","fobisinmyheart","@joelyme3D lol...i can`t tell u,coz u`re going to laught about it! lol XD n besides it`s all good now...haha,it was smth. really stupid. "
"4","1686930197","Sun May 03 07:14:49 PDT 2009","NO_QUERY","spiral_moon","@sammysunshine OMG! That's awesome!! Congrats!! "
"0","2011521883","Tue Jun 02 19:09:05 PDT 2009","NO_QUERY","JJLuver756","@jobrosluvers I have no idea, it's been along time since we've talked! "
"4","2190259973","Tue Jun 16 02:13:13 PDT 2009","NO_QUERY","alicefaucher","@bobsonsirjonny LOL! Just get it sorted. A good blog is always welcome "
"0","2014393435","Wed Jun 03 01:22:56 PDT 2009","NO_QUERY","lolly_333","Went for a run last night and hurt her knee "
"4","1833939396","Mon May 18 01:00:57 PDT 2009","NO_QUERY","BenLeffler","@__MiO__ The last one... "
"4","2030211892","Thu Jun 04 08:02:43 PDT 2009","NO_QUERY","markstanley","@DouglasPorter I already tweet a lot, so I'm halfway there "
"0","2052516770","Sat Jun 06 01:00:14 PDT 2009","NO_QUERY","juanrodriguez","Horrible tragedy in Hermosillo my hometown!  http://tr.im/nBUO plz rt and help if u can! "
"4","1965317623","Fri May 29 15:42:27 PDT 2009","NO_QUERY","xtina_cruz","Getting my car hand-washed by my babe. I'm so spoiled "
"4","1881489411","Fri May 22 04:48:16 PDT 2009","NO_QUERY","molliemoo2","well my first wedding anniversary on Sunday (which I did have to remind my husband, you would think the first year they would remember!! "
"0","2328072185","Thu Jun 25 09:08:05 PDT 2009","NO_QUERY","anakristina","I hear thunder, i see lightnining, i feel rain. "
"4","1825240363","Sun May 17 04:56:37 PDT 2009","NO_QUERY","alexandra723","if you were mine, i'd really go insane, you'd be my favorite thing, i'd go ballistic yeah you're making me a crazy chick... "
"4","2049577747","Fri Jun 05 17:07:31 PDT 2009","NO_QUERY","hollyknowsbest","tomorrow should be good  night twitter x"
"0","2249633448","Fri Jun 19 22:42:32 PDT 2009","NO_QUERY","estherpozo","@deehdeeh1984 I can't this Sunday  and work is sending me out of town again next week. Why don't you guys come with me next weekend?"
"4","1883134353","Fri May 22 08:03:46 PDT 2009","NO_QUERY","KaleneLarson","@virginamerica That's right, Virgin America has Wi-Fi available on every seat on every flight. cant wait to fly virgin again! DISNEY "
"4","2054594605","Sat Jun 06 07:41:23 PDT 2009","NO_QUERY","torengo","Getting ready to head out to a little getaway with the family. Hopefully, the clouds don't wet us  http://twitpic.com/6qtfx"
"4","1981788174","Sun May 31 09:53:39 PDT 2009","NO_QUERY","matthepp","on the pot in t.g.i.f....shannon, kelsea, n savannah are grossed out bc im texting them from here "
"0","1962526627","Fri May 29 11:10:54 PDT 2009","NO_QUERY","pianoplayin_gal","@rizzzky he's retiring from the tonight show  im so bummed. he was awesome ha. AND CONGRATS MY DEAR "
"4","1468072583","Mon Apr 06 23:33:56 PDT 2009","NO_QUERY","manilaguide","@klaris sa bagay, you eat pancakes with bacon naman. haha interesting.. i shall try it. "
"0","2188659334","Mon Jun 15 22:18:38 PDT 2009","NO_QUERY","JuST_dRiZZy","@SongzYuuup its not working for me.  fix it please!"
"0","2190171474","Tue Jun 16 01:58:30 PDT 2009","NO_QUERY","lonely_h3art","going home alone! "
"4","1468473576","Tue Apr 07 01:53:19 PDT 2009","NO_QUERY","cos1042","@studarby Schools are off but I have an assignment on non-fiction writing due in next Friday! "
"0","2325714253","Thu Jun 25 05:56:40 PDT 2009","NO_QUERY","Dirk_Gently","OUCH! I just cut my finger with a bread knife "
"4","2052435137","Sat Jun 06 00:43:13 PDT 2009","NO_QUERY","Oofxx","@colormepink621 have fun tomorrow "
"0","2004112763","Tue Jun 02 07:41:11 PDT 2009","NO_QUERY","aghatit","Arrrg reddit is down "
"4","1960158197","Fri May 29 07:31:00 PDT 2009","NO_QUERY","dcraig568","@1capplegate  Fine thanks, and you???  "
"0","2191984717","Tue Jun 16 06:18:48 PDT 2009","NO_QUERY","divinestorm","They really need to set up an audio feed of this  I don't care about video.    #140conf"
"0","1686329922","Sun May 03 04:56:30 PDT 2009","NO_QUERY","PhilFierce","The last day of my vacation.. leavin at 7 pm "
"0","2230185474","Thu Jun 18 16:45:30 PDT 2009","NO_QUERY","imwiththebandlq","My sewing machine broke. Fml.  There go my dreams."
"0","2205384412","Wed Jun 17 04:37:17 PDT 2009","NO_QUERY","Vickeee","@johnlegend why cant you come to australia? "
"4","1882678055","Fri May 22 07:17:47 PDT 2009","NO_QUERY","mishaado","I know it's all NLP and sleight of hand, but there's just something damn cool about Derren Brown  "
"4","1548614056","Fri Apr 17 21:27:18 PDT 2009","NO_QUERY","pamiestjohn","heading to dreamland "
"4","1961988200","Fri May 29 10:20:58 PDT 2009","NO_QUERY","msmaisha","@sallismoney hahah well are the tix sold out. I asked @daeone already and he don't know. How about u just give me your ticket "
"0","2065896014","Sun Jun 07 09:30:08 PDT 2009","NO_QUERY","dylanlol","Aaron won't wake up dammit "
"0","1964956360","Fri May 29 15:05:17 PDT 2009","NO_QUERY","lgoddard","@elephantparty Ha! Thanks Bryan! And don't remind me about the state budget issues.  Actually, Steve only has 6 staffers in 3 offices."
"0","1573886312","Tue Apr 21 03:19:18 PDT 2009","NO_QUERY","karmiz16","@PaulaAbdul Hi Paula! Gosh! you always look great... I was so sad when Scott had to go.  take care Paula! hearts from Dubai."
"4","2059982748","Sat Jun 06 18:01:43 PDT 2009","NO_QUERY","beverlychang","@holliemarx hey, shopping is fun  sure beats writing a memo. it's been kinda poopy weather here too. WHERE'S Summer?"
"4","1969449538","Sat May 30 00:04:24 PDT 2009","NO_QUERY","RebeccaBeynon","the sun has got his hat on hip hip hip hooray "
"0","1827741343","Sun May 17 11:20:55 PDT 2009","NO_QUERY","frankiebowler","panicking over my Sign Language on Wednesday...... "
"0","1824386594","Sun May 17 01:09:41 PDT 2009","NO_QUERY","mel_o_dee","I want someone to drunk text.  Lmao"
"4","1559007063","Sun Apr 19 10:00:23 PDT 2009","NO_QUERY","reddraconi","@Stevehoward999 Any kind of Engrish is pretty hilarious  I just wonder if that's how I sound when I speak German?!"
"0","2236122766","Fri Jun 19 02:54:43 PDT 2009","NO_QUERY","PL","Anyone with sites using Protx found to be broken today? Error 5051 - can't find any reference to it in online documentation  #protx"
"0","1986092434","Sun May 31 18:18:37 PDT 2009","NO_QUERY","indyvelez87","I reached 100 updates yayyy.  I think I have my flight picked out for Arizona. I'll miss pride in SF though "
"4","1991169741","Mon Jun 01 06:32:12 PDT 2009","NO_QUERY","Kendra311","@Dr_Itor 40 minutes ago...got rid of some bad stuff, huh?  ;-)  MJ...haven't set it up yet.  But CP is definitely doable.  "
"0","1974426678","Sat May 30 13:06:49 PDT 2009","NO_QUERY","nalinnavarro","@tommcfly I hope you enjoy Rio, because I really enjoyed the two gigs in Sao Paulo! When it ended last night I couldn't stop crying! "
"4","1979514888","Sun May 31 03:22:52 PDT 2009","NO_QUERY","Escapethefate17","bored but going out later "
"0","2062268007","Sat Jun 06 22:45:48 PDT 2009","NO_QUERY","yelley","@norahknits ME TOO! The corncakes were my favorite "
"4","2059133425","Sat Jun 06 16:18:49 PDT 2009","NO_QUERY","Scott_M_","smiling at the drunken tweeting "
"0","1979154302","Sun May 31 01:51:27 PDT 2009","NO_QUERY","youngcobris","@UnseeingEyes NEVER READ THAT BEFORE...I DID READ ANIMAL FARM...ONLY ORWELL BOOK "
"0","2190077771","Tue Jun 16 01:42:12 PDT 2009","NO_QUERY","Eddie_Bells","Somebody help me! i'm so bored!!   ........damn."
"4","2052072261","Fri Jun 05 23:34:45 PDT 2009","NO_QUERY","davidchoimusic","@poetknowitt thanks for coming from so far away!! Hope you are enjoying the CD "
"0","2262883377","Sat Jun 20 23:26:49 PDT 2009","NO_QUERY","wynniethepooh","so truly truly bored. any body got something awesome to do. mum stole sims off me "
"4","2186882863","Mon Jun 15 19:28:29 PDT 2009","NO_QUERY","InfectedBoot","@justaskibum Thanks. I'm reading them while I wait for the youtube video to buffer. "
"0","2056651977","Sat Jun 06 11:32:27 PDT 2009","NO_QUERY","Sim_JLSCovGirl","@Misha_C aww.. woulda loved to hear beat again live for the 1st timee  ahhhh "
"0","1559316745","Sun Apr 19 10:49:25 PDT 2009","NO_QUERY","tortor2812","so bored without the leafs playinggg "
"0","2261672603","Sat Jun 20 21:09:37 PDT 2009","NO_QUERY","Ollie_Miles","@KatieSouthie 7 hours ago was 7am so I was still snoozing, sorrie.  I don't normally get online lunchtime. "
"0","1998971683","Mon Jun 01 19:25:43 PDT 2009","NO_QUERY","cramedogg","@jlovesjonas I miss you tooooo  Haha. And twitter doesn't seem to like you very muchh. LOVEE YOUU &lt;3"
"0","2052859254","Sat Jun 06 02:18:16 PDT 2009","NO_QUERY","cassidymckinney","bed time. real bed. exciting. Damn dryer moves  sooo noisy.. and in my room. sorry van!"
"4","1970775344","Sat May 30 05:10:04 PDT 2009","NO_QUERY","LalaSingian","Hitch your car to a shooting star. "
"4","1986738737","Sun May 31 19:15:00 PDT 2009","NO_QUERY","petebritney","www.petebritney.deviantart.com uploaded LOADS of new photos "
"4","1971908728","Sat May 30 08:09:24 PDT 2009","NO_QUERY","stuartrodgers","Home once again... bah humbug. Still, the weather's nice "
"0","2247942011","Fri Jun 19 19:51:42 PDT 2009","NO_QUERY","freckledrats","@brush indeed. No car yet "
