"Good bye Dirt Cheap    November 30, 2003 - June 18, 2009.   I will miss you. Tiffany","neg","NO_QUERY","0"
"@alyshaathia My darling.. How are you? I miss you  please do visit school!","pos","NO_QUERY","0"
"@Damian2278 Ella and Louis over here ","pos","NO_QUERY","0"
"Just sunned on my balcony and burned myself so now i look like a pig  &lt;3","neg","NO_QUERY","0"
"@TickingTimeBomb See hes not verified but hes got these candid tweetpics so i don't know what to do....  Hows Steph? ","neg","NO_QUERY","0"
"Watching Degrassi before bed...even though I've seen these episodes already. Can't get enough  Oh yea, brought my GPA up to 3.38!!! Yay!","pos","NO_QUERY","0"
"Heading to the STL Zoo with @CSwann1776, hubby if you didn't know.    So excited the rain has stayed away, thus far!!!!","pos","NO_QUERY","0"
"2 hours...I wish time would hurry up and go ","neg","NO_QUERY","0"
"@dichenlachman poor fx - you should watch Merlin or Dexter, next best shows to Dollhouse. ","pos","NO_QUERY","0"
"I wanna crawl in bed and just cuddle ","pos","NO_QUERY","0"
"My feets, my legs and my toe hurt! And i gotta walk home! ","neg","NO_QUERY","0"
"@Sunstreaker84 sorta agree with u about TwtDck. Doesn't seem like there will be a perfect Twitter app on the iPhone.  Ã®?Â","neg","NO_QUERY","0"
"Oh shoot- it's &quot;In it to Win it.&quot; Boo ","neg","NO_QUERY","0"
"so saddddddddddddddddd... cause im not gonna be able to see my couzin jaron graduate in person.. waahhhh! ","neg","NO_QUERY","0"
"@Zut_Radio Welll, plastic bags and old ugly bags are two different things. And of course even old ugly bags are beautiful on the inside ","pos","NO_QUERY","0"
"I was kidding baby. ","neg","NO_QUERY","0"
"I wish Federer had a Twitter, I really do. ","neg","NO_QUERY","0"
"@LeanneBarbery Hiya! How's your day been? Any sunshine by you?! ","pos","NO_QUERY","0"
"Vodka and cranerry/ raspberry...Yummmmm ","pos","NO_QUERY","0"
" @CranberryPerson Dear hyper chihuahua, we only have 45 minutes left together on this drive, but I have a .. http://tr.im/lAj6","pos","NO_QUERY","0"
"@johnbernos Seriously dude. Let's get jobs back at Disneyland! I mean, we can still be with RD too if we're seasonal right? ","pos","NO_QUERY","0"
"@get_the_juice  welcome to Peterborough ","pos","NO_QUERY","0"
"@uNCLEsAM098 .. my personal blog.. not the Sasuke one ","pos","NO_QUERY","0"
"http://twitpic.com/2y3v4 - vote for Gilles Marini on Dancing with the Stars! ","pos","NO_QUERY","0"
"ah the good old Monday blues I'm not even back at work and i have them ","neg","NO_QUERY","0"
"I think @maureenjohnson gave merge LeakyFlu but it could be the BEA cold! ","neg","NO_QUERY","0"
"Dinner is pot roast in the crock pot. I feeled relaxed! ","pos","NO_QUERY","0"
"wish someone was able to wash my clothes right now.. all the washers are full. . .     I'm out of clean PT uniforms","neg","NO_QUERY","0"
"@dgrantdotcom Goddamnit last time I was there and it was amazing. Saw the private session as well. Too bad couldn't make it this year. ","neg","NO_QUERY","0"
"@yozhio that's why we're toqayas and we rulz the nation  yo tambien!","pos","NO_QUERY","0"
"@marklane31                  he he!! how many of those questions av u seen tht involve u??? theres loads!!","pos","NO_QUERY","0"
"@MissSummer i totally LOVE voodoo doughnuts!!  it was a primary destination of mine when i went to portland in september ","pos","NO_QUERY","0"
"@Impostersbeware Thanks.  You really never know these days do you?","pos","NO_QUERY","0"
"@valholla i woke up and was able to tweet you ","pos","NO_QUERY","0"
"@LimeIce I wasnt waiting long, I dug up their mobile numbers thru common known tweeple... ","pos","NO_QUERY","0"
"shopping online, what my mom doesnt know wont hurt her, plus this is what she gets for giving away my winter clothes hehe ","pos","NO_QUERY","0"
"@stef Just registered that in case ","pos","NO_QUERY","0"
"Is home listening to a screaming toddler....HELP ","neg","NO_QUERY","0"
"just got twitter ","pos","NO_QUERY","0"
"@TizzySizzleberg hiya baby!!!  how goes???","pos","NO_QUERY","0"
"@MarloPerry thanks for the heads up re the Basco cake mixes. There's a chocolate one the kids demolished which isn't kindy friendly ","neg","NO_QUERY","0"
"rain=sleep....reality is I'm at work ","neg","NO_QUERY","0"
"I just twitter texted! ","pos","NO_QUERY","0"
"franz: eu nem curti o show  suh: que show? teve show? UIHASUIDHUIASHDUIHAUSIHDUIAHSUIDHAUISDH","neg","NO_QUERY","0"
"@myloveshine aww that's great news  i'm pretty good myself. Whatcha up to?","pos","NO_QUERY","0"
"is on the J train headed home from an evening with the Boyfriend..0401 nd it gets better everyday. ","pos","NO_QUERY","0"
"Thank you Bill for the well wishes  Packing was a b*tch and one of the wheels on my trolley fell off but ready to roll!","pos","NO_QUERY","0"
"has a c0ld *snifF* ","neg","NO_QUERY","0"
"NO BROADWAY PRACTICE ON MONDAY ","pos","NO_QUERY","0"
"yes, math is over  just 2 to go","pos","NO_QUERY","0"
"@SandrineMP Well, I am jealous of you and @jackloftus  #evpwsop","neg","NO_QUERY","0"
"is off to bed, working 11-4 tomorrow! ","pos","NO_QUERY","0"
"@bryancheung Do you think I am a slut or something?!? ","neg","NO_QUERY","0"
"Tomorrow I will go with my friends to do a bit of exercise. I have to up early ","neg","NO_QUERY","0"
"Is eating choc nut! ","pos","NO_QUERY","0"
"brb twit fam gotta check my facebook *sidebar* add me: brianna nuyorican martinez on fb ","pos","NO_QUERY","0"
"Phew, remembered an anniversary card   8 years today!","pos","NO_QUERY","0"
"@DavidOMahony i tried to buy Dark Night of the Soul from Book Depository, but got an email to say the line has ended  gay.","neg","NO_QUERY","0"
"I MISS MY ROOMIES ","neg","NO_QUERY","0"
"jus made soup..and it's delicious!!  ","pos","NO_QUERY","0"
"@tedstryk check FB email asap, please ","pos","NO_QUERY","0"
"sacrificing 5 mins of hawthorn game to print out dad's phone bill ","neg","NO_QUERY","0"
"Wow, Portuguese got reeeally hard. LMAO. I gave up. I am now speaking the very easy, French!  But soon going back to the more easy: German","pos","NO_QUERY","0"
"Sunshine  have I mentioned I hate summer ?","neg","NO_QUERY","0"
"@catcloud Yes, Cathy.  (Ordinarily, I don't have much of a problem with naked girls chasing me, however!  )","pos","NO_QUERY","0"
"@tommcfly thought you'd think this is cool. my cousin is going to personally meet the head of NASA to discuss future projects. Cool, huh? ","pos","NO_QUERY","0"
"@webicero Thanks ","pos","NO_QUERY","0"
"@filthycute I'm sorry to hear that ","neg","NO_QUERY","0"
"i hate my hair ","neg","NO_QUERY","0"
"If you always do what you've always done you'll always get what you've always got ","pos","NO_QUERY","0"
"I'm @ Fant all by myself. Now I know how Carolyn feels on Thurs nights. ","neg","NO_QUERY","0"
"@lazoug Hey girly, late to bed and early to rise? ","pos","NO_QUERY","0"
"Just woke up. Had a good dream. Mmmm. Wish I could lounge and bed to keep dreaming about it. But gotta get up ","neg","NO_QUERY","0"
"@kasey79 No, I couldn't afford 5*  Hopin' to see them somehow, someway....","neg","NO_QUERY","0"
"I only had 5 hrs of sleep...shoot me. I'm so tired..and cold...why the fudge, is it cold?! I hate the weather..about to shower. ","pos","NO_QUERY","0"
"Dorney Park.! ","pos","NO_QUERY","0"
"@emilypoe Thanks!  ","pos","NO_QUERY","0"
"@NolwennP still trying to figure this out...sounds fun though! ","pos","NO_QUERY","0"
"is chillen at the hilton beforeheading to the airport to go back home. ","neg","NO_QUERY","0"
"i need a new boyfreind ; this isnt working ; he's trying get freeky with girls i'm following ","neg","NO_QUERY","0"
"its a beautiful morning ","pos","NO_QUERY","0"
"I'm 19 and I'm watching hannah montana. I love @mileycyrus and @billyraycyrus ","pos","NO_QUERY","0"
"@aiki14 Thank you so much, and i'll look into these resources ","pos","NO_QUERY","0"
"is getting family sick and wants to go see her family in india ","neg","NO_QUERY","0"
"is also wishing these two lovely mothers @solangeknowles &amp; @fatbellybella a very special Mother's Day!!!  enjoy!","pos","NO_QUERY","0"
"@ddavehansen when did u get ur iPhone? I lost mine Saturday at the club ","neg","NO_QUERY","0"
"I still feel you when you sleep next to me!!!!!!!  I wish I could feel that!!!! :'(","neg","NO_QUERY","0"
"@lakersnation yup its workin ","pos","NO_QUERY","0"
"just got killed by like 150 points ","neg","NO_QUERY","0"
"Having a bit of a day (again!!). And starving. Not stopped all day and have a very late night of work planned. I need a hug ","neg","NO_QUERY","0"
"That's a negative on the bites @marawitch and @lendmeyoureyes. Drunk wrestling has led to what a neck sprain. No sleep for me last night ","neg","NO_QUERY","0"
"exhausted  i really dont feel well.....i think i might pass out again","neg","NO_QUERY","0"
"@spunk409  hey    (Y)  what you doing???? ","pos","NO_QUERY","0"
"I LOVE this color blue!  http://bit.ly/16t63H","pos","NO_QUERY","0"
"@MissErinDanii  damn. reverse psychology my ass. this is why I switched majors. haha","neg","NO_QUERY","0"
"Enjoying the research discussions at #isoj but have to cut out early to make my flight.  Great catching up with folks. Until next time...","neg","NO_QUERY","0"
"I am glad to be out of this 4 week hypercompetitive mode and can now flop joyfully into full-on casual-fun mode ","pos","NO_QUERY","0"
"@lyndons Hmmm.... that sounds like a bachelor's cookbook ","pos","NO_QUERY","0"
"@I_enigma Have to use a female Voice though  be just like to old lady's blocking the supermarket isle. Have to train not to say rude words","pos","NO_QUERY","0"
"Crazier-Talyor Swiift describes alot about certain things right now.. I love love love that song [Ã¢ÂÂ¥] @taylorswift13 your amazing.  thanks","pos","NO_QUERY","0"
"Hope evryone has fun at #pawpawty today. Mollyd has to take care of her grandma so no pawty for her ","neg","NO_QUERY","0"
"@SolarDawn I have all my work done here, but I will have to stay until 3:30 ","neg","NO_QUERY","0"
"Thought for my day - &quot;Love Makes Life Beautifyl. Mine is ugly yet...&quot;  ","neg","NO_QUERY","0"
"@NCC2484 Go for that 5 scooper, reeses pieces, mountain of deliciousness. Bring back the memories of our childhood Nicky. ","pos","NO_QUERY","0"
"Rafa could miss Wimbledon.   http://tinyurl.com/q436z3 Fed winning back to back slams would be unbearable","neg","NO_QUERY","0"
"Morning everyone.. Its really hard to leave the bed.. coz me not well..  ","neg","NO_QUERY","0"
"@leleana Yeahhhhh!!!! That sounds like a plan  we can go to universal studios and such XD","pos","NO_QUERY","0"
"at the beach house. sitting up on my balcony. there are exactly 3 stars in sight tonight. ugh... back to boca tomorrow ","neg","NO_QUERY","0"
"is missing Bgirl already   Won't see her until we get back home in a week or so...","neg","NO_QUERY","0"
"Played Resident Evil till like 1:30 am yesterday w/ Dan... Was SO funny. He killed me in the furnace  ahaha","neg","NO_QUERY","0"
"watching fast and furious 4 with my bff,, she came to tell me about the niley duet!! lol she's aswesome ","pos","NO_QUERY","0"
"it's a good time to.. smile! ","pos","NO_QUERY","0"
"@threesenough sorry about the morning sickness. ","neg","NO_QUERY","0"
"@mattcutts thinking: My job is currently giving me some stress because I deal with angry people like @shoemoney quite a bit ","pos","NO_QUERY","0"
"@AndyWandy If only you could lick the blood ","neg","NO_QUERY","0"
"@onthelevel While I was unemployed I thought I'd try my hand at being a spammer but Twitter thought otherwise and kept suspending me. ","neg","NO_QUERY","0"
"Damn. Playoffs over....now what am I going to watch? ","neg","NO_QUERY","0"
"@niki_w Bring it to see us some time ","pos","NO_QUERY","0"
"@Lozza_81 Make dreams a reality right hon! ","pos","NO_QUERY","0"
"@jsmithready It'd be really hard to give up my chocolate while reading.  Does chocolate count as a food? ","pos","NO_QUERY","0"
"Saw the Bristol Palin cover on People Magazine!!! Almost bought it, but didn't want to buy the magazine for one article, so i read it. ","pos","NO_QUERY","0"
"back in the twitterverse after painful twitpocalypse experiences - iPhone still fekd though ","pos","NO_QUERY","0"
"@lollipop26 hey laura have you found the CS warm palette anywhere else, i searched ebay and got no results for the warm palette ","neg","NO_QUERY","0"
"Watching last night's House while getting ready for work. ","pos","NO_QUERY","0"
"@twentyfirstjoey awww.. Poor teddy  http://myloc.me/4gxW","neg","NO_QUERY","0"
"@tianakaesha lots of advances in treating TTTS since our girls were born... ","pos","NO_QUERY","0"
"Asst. #3.5: Take Titus back home. I do NOT want to see another dog fight first hand... ","neg","NO_QUERY","0"
"Meow back, a day later or so  @sweetlilmzmia ...meeeeooooowww! ;)","pos","NO_QUERY","0"
"Woke up a little sad that I have no more @NKOTB shows to look forward to ","neg","NO_QUERY","0"
"wow... seriously huge hotel room all to myself! living room area... kitchen... double beds... wow! too bad I'm only here 1 night! ","neg","NO_QUERY","0"
"@Mello_1 I haven't even celebrated graduation... That's how lazy I've been... ","neg","NO_QUERY","0"
"i miss my cuz shes now in afgan. and workin on an usa base ","neg","NO_QUERY","0"
"@drgilpin What is this &quot;social life&quot; of which you speak? ","pos","NO_QUERY","0"
"I don't feel special at all... That's all I have to say  i thought I was the only person you said sweet things to.","neg","NO_QUERY","0"
"@Trevieness yep   oh well, i've definitely got things that money will be handy for ;)","neg","NO_QUERY","0"
"cannot believe she's awake at this time....omg ","neg","NO_QUERY","0"
"Packing to leave for San Francisco tomorrow. Need to get up at 3am ","neg","NO_QUERY","0"
"Morgen @TheSpiritof69  Na? Alles frisch bei dir?","pos","NO_QUERY","0"
"Wonders what metro station guys are doing right now... ","pos","NO_QUERY","0"
"@Peircy ha hope u havin fun walkin.  Have a good night  wish i was comin","neg","NO_QUERY","0"
"@gareeves HiGail. I sent you the invite. I hope you and your friends can make it ","pos","NO_QUERY","0"
"@mhmlauren  i'm not in the city yet. we're going tomorrow. I'll take a picture of the city just for you and text it to you","neg","NO_QUERY","0"
"Mm, just got in (: First night of summer; it was pretty chill. ","pos","NO_QUERY","0"
"had a pretty good day yesterday. Tomorrow is set to be the same. Shame about today though  Stuck babysitting...","neg","NO_QUERY","0"
"On our way to pick up our rental, then off to grandma's.  Missing John &amp; Dina alreay ","neg","NO_QUERY","0"
"blahh, the onee weekend i really need to get out of this hell hole, no one can hang out ","neg","NO_QUERY","0"
"@ObviousWriter hi mate, link not working ","neg","NO_QUERY","0"
"why my profile picture disappear...?! ","neg","NO_QUERY","0"
"Definitely lost too much weight when my butt can't even hold up a pair of skinny jeans... ","neg","NO_QUERY","0"
"@PhxREguy For now I &quot;dealt&quot; by writing a two sentence post.  Whole thing fits in the teaser text ","pos","NO_QUERY","0"
"Longest 'nap' evar. Bizzare tease dream. Plot: crew and I build &amp; board DIY SPACEROCKET because Burning Man held ON MARS this year. Rad. ","pos","NO_QUERY","0"
"i love my background pic ","pos","NO_QUERY","0"
"@barblg33 yeah just did  as of midnight my new limit will be 25 gig lol","pos","NO_QUERY","0"
"@RickyDeHaas that's so much!  well I haven't left yet bcoz it's still early but I'm not sure what time I'll come back before dark though","neg","NO_QUERY","0"
"time for sleep. I have to say goodbye to my tooth tomorrow. this makes me sad ","neg","NO_QUERY","0"
"I get to see night at the museum 2 at 1pm today LOL I can't wait. ","pos","NO_QUERY","0"
"My car (a slightly long in the tooth Civic) developed some sort of exhaust issue this morning and now it sounds like a douchebag's Civic  ","neg","NO_QUERY","0"
"Made a footrest out of a box of toner. Today will be okay. ","pos","NO_QUERY","0"
"is looking forward to the travellage ","pos","NO_QUERY","0"
"I just mad one piece of my slumber party outfit at frenzoo, but I can't see the picture now... and I can't wear it either ","neg","NO_QUERY","0"
"Would have sent flowers, but I'm on Edge; no 3G. ","neg","NO_QUERY","0"
"@tonyrobbins the downunder? my favourite place  Welcome to twitter Sage","pos","NO_QUERY","0"
"Is back form Ireland. Had such a great time , I didn't want to come home but I got my dog and family to tend to, so I had to come back ","neg","NO_QUERY","0"
"@withgoodworks sure thing. I'll make a copy tomorrow ","pos","NO_QUERY","0"
"So freaking tired, but gotta go to work ","neg","NO_QUERY","0"
"@ArmyofNightwish soo looking forward to it ","pos","NO_QUERY","0"
"waking up early is totally not my thing ","neg","NO_QUERY","0"
"@ABBSound ÃÂ£ÃÂ³ÃÂ.. ÃÂ¼ÃÂ½ÃÂµ ÃÂÃÂ¾ÃÂ¶ÃÂµ ÃÂ¿ÃÂ¾ÃÂ½ÃÂÃÂ°ÃÂ²ÃÂ¸ÃÂ»ÃÂ¾Ã?ÃÂ . ÃÂ¯ ÃÂ±ÃÂ Ã? ÃÂÃÂ´ÃÂ¾ÃÂ²ÃÂ¾ÃÂ»ÃÂÃ?ÃÂÃÂ²ÃÂ¸ÃÂµÃÂ¼ ÃÂ¾ ÃÂ´ÃÂÃÂÃÂ³ÃÂ¸ÃÂ ÃÂ¿ÃÂ¾ÃÂÃÂ¸ÃÂÃÂ°ÃÂ» ","pos","NO_QUERY","0"
"@TheKatieCherry ahhh, your so luckky! im good thanks. i want to see you soon  how has you day been? x","neg","NO_QUERY","0"
"@eschipul it's sad and it sucks  #recession #economy","neg","NO_QUERY","0"
"I have a headache and i'm being dragged to liscard ","neg","NO_QUERY","0"
"searching for a new bike luckily me &amp; mummzy r goin out on the town tomoro. ","pos","NO_QUERY","0"
"@pixelsnatch Definitely   The show can't come fast enough","pos","NO_QUERY","0"
"Just dropped the car off at rdu.  i dont want to go home.","neg","NO_QUERY","0"
"I am so sunburnt.  ","neg","NO_QUERY","0"
"waiting on my sugar daddy to call me.... Baby wat r u doing? OMG i wanna play! ","neg","NO_QUERY","0"
"@feral9er ridiculous! aren't we the most loyal customers who bought the iphone when it was $500?? we should get the best treatment. ","neg","NO_QUERY","0"
"Just ordered Zach Galifianakis' sunglasses from The Hangover. Sold out until July 7th. ","neg","NO_QUERY","0"
"@MissWall  About to head to Kiawah or Folly Beach  for 60-70minutes = 600ish calories ","pos","NO_QUERY","0"
"I missed Steve Aoki @ Icon. no bueno ","neg","NO_QUERY","0"
"Happy Birthday to my baby brother, I love you and thank you for the pretty tattoos  Happy 23rd!","pos","NO_QUERY","0"
"@emboosh oh fuck. thats dear. ","neg","NO_QUERY","0"
"@katiegb_78 I worked on that one today.... Not so great ","neg","NO_QUERY","0"
"Why can't I be allergic to peanuts / shellfish? Something avoidable? Gah, Summer sucks! Damn grass &amp; trees &amp; nature! And darn dogs &amp; cats ","neg","NO_QUERY","0"
"@MsMariaG I love NYC  so live... even the street entertainment is live lmao although a few shows were a lil bad...","pos","NO_QUERY","0"
"@firstcrusader, I want some orange juice as well... preferably freshly squeezed ","pos","NO_QUERY","0"
"My MacBook Pro Super Drive is now officially dead!   Not a","neg","NO_QUERY","0"
"@BeeScrapping oh &amp; yesterday i made my yearly say something so funny that ben is cracking up, will have 2 tell u later, its silly but LOL ","pos","NO_QUERY","0"
"@DoraJarr start monday finish thursday, 4 in 4 days ","neg","NO_QUERY","0"
"Lost another 3 followers  Ive not even said anything this time. Boo  Im in such a weird mood : / hmm..","neg","NO_QUERY","0"
"@whitneyhess That sounds like a GREAT idea. I think I will do the same ","pos","NO_QUERY","0"
"I'VE BEEN REALLY BUSY. I'm glad most of it is over, but there are still 2 big projects in my way, and my declining Bio too ","neg","NO_QUERY","0"
"@JoeTheDon Follow me! ","pos","NO_QUERY","0"
"great Race Seb. Vettel ","pos","NO_QUERY","0"
"World Snooker Semis, Magic Weekend &amp; Premiership Football all on tv today, but I've gotta go to the library to write about Tony Blair ","neg","NO_QUERY","0"
"What did i do wrong? where did i go wrong??  ","neg","NO_QUERY","0"
"@ohmymoses LOL. I know I have to  but I've just been putting that way off LOL","neg","NO_QUERY","0"
"@irasistible oh no! Drink lotsa fluids and see the doc if it gets worse! Its a bad time to be sick ","neg","NO_QUERY","0"
"yay i got blue eyeliner today! ","pos","NO_QUERY","0"
"@thedomesticdiva Hola, waves. ","pos","NO_QUERY","0"
"@james_chorley ha har! @jezThomp sent this to me this morning... signed up and taken a look... very impressive... I like ","pos","NO_QUERY","0"
"2morrow 5 Days Killarney, without Internet ","neg","NO_QUERY","0"
"@nwphotographer as long s it doesn't rain, the clouds will be a sweet effect!  Have a great shoot! ","pos","NO_QUERY","0"
"Had to take a sick day  it's crazy because I'll start missing the office by mid afternoon!","neg","NO_QUERY","0"
"@zen_habits Thanks for the link, Leo!   I just wached it and it really did pick my mood up. ","pos","NO_QUERY","0"
"Swine flu...i kissed a pig and i liked it... ","pos","NO_QUERY","0"
"i miss are life plan, everything used to be perfect, how did it get ruined! ","neg","NO_QUERY","0"
"Supermassive Black Hole the goldfish is dying. I am fail at goldfish. ","neg","NO_QUERY","0"
"@dinadonut I nver see u online.. ","neg","NO_QUERY","0"
"@AlTheYid yep sounds just like the one I had.. Dont start me on the pistachios again puhleeze lol! ","pos","NO_QUERY","0"
"@StarEcoStation Missed karaoke to benefit Surdrider.  Pls advise next time. Thx!","neg","NO_QUERY","0"
"why did i again forget to bring ice cream home with me?   ice cream, what's NOT for dinner","neg","NO_QUERY","0"
"N3W TO THiS WHOL3 TWiTT3R THiNG...i N33D FRi3NDS ","neg","NO_QUERY","0"
"Whos good at translating Japanese? Need someone to translate a sentence for me, Google is doing fuck all for me ","neg","NO_QUERY","0"
"On the road 2 Rockin Roots! ","pos","NO_QUERY","0"
"Bah, work has blocked access to watching TV online, no #btcc for me ","neg","NO_QUERY","0"
"@missmonnie no problem  ... doesn't seem to tweet much though","pos","NO_QUERY","0"
"I feel sorry for the bug i just squashed by accident SORRY BUG!! Bt it shudn't of been on my phone so it walked into death haha sorry ","neg","NO_QUERY","0"
"Anyone know how to removed the search box from the header area in Word Press? (I'm using the &quot;magazine-basic&quot; theme.) Brain imploding... ","pos","NO_QUERY","0"
"@vgreene1 I would be mad to if I had to work with those damaged nails! ","pos","NO_QUERY","0"
"its 5:21 and im already at work  ","neg","NO_QUERY","0"
"@xntrek better, I thought I was going to be ok but woke  up this morning and couldn't move without feeling pain ","neg","NO_QUERY","0"
"Hmmm -- I'm wondering if I'm eligible for an upgrade so that I can get 3gS? (even though I know I'm not) ","neg","NO_QUERY","0"
"I hate storms ","neg","NO_QUERY","0"
"what i saw today in our house was extremely a surprise! okay i did not expect this shiz ) i have a new hard drive! ","pos","NO_QUERY","0"
"Watching &quot;UP&quot; ","pos","NO_QUERY","0"
"rain rain rain rain rain.  penelope, roxie, and chloe are all sleeping. time to read and go to beddd. ","pos","NO_QUERY","0"
"omg, the awesome hawaiian place has our date available. ","pos","NO_QUERY","0"
"Got this really nice dress and a nice top n this other dress was 2 big was still really nice n they didnt av it in a smaller size ","neg","NO_QUERY","0"
"@lemonsareyellow Can't wait!! I know MJ doesn't die though, it sounds scary though. ","neg","NO_QUERY","0"
"Watch: http://bit.ly/nTzPD  I can't wait for Joongie's new mv ","pos","NO_QUERY","0"
"@MannyLyte Reggy @reggyreg never texts me. He says that I'm a stranger &amp; he doesn't know me ","neg","NO_QUERY","0"
"Platiico con alfreedO ","pos","NO_QUERY","0"
"says my head is about to BURST! plurk got me insane (idiot) (tears) heLp me please..im not use to it  http://plurk.com/p/vgohi","neg","NO_QUERY","0"
"@MrEricPiRaTe haha ohhh well I'm still not good... Love the sport tho ","pos","NO_QUERY","0"
"@leneubs  not fair!","neg","NO_QUERY","0"
"Peetnik mysteries. Looks good. Will test next week http://bit.ly/ofYoT Need to finish reports  ... I mean start!","neg","NO_QUERY","0"
"Even though I'm stuck in traffic on a Sunday night, life is beautiful! ","pos","NO_QUERY","0"
"@timdee Even with all that CSO?! I watched the VHS once and didn't have another go. Liked ep1 but it didn't grab me, sadly ","neg","NO_QUERY","0"
"@AmberTraffic that's her.  Date #4 tonight ","pos","NO_QUERY","0"
"ahhaha.  SHT. I'm bipolar. mother..","pos","NO_QUERY","0"
"At CAPgemini in Aston - what a grey day too ","neg","NO_QUERY","0"
"@dbelcham T says she is sorry to make you play secretary.  But also, cheese is not got for you ","pos","NO_QUERY","0"
"Still on the big quest trying to locate my bag  bringgg back o bringg back, bring back my baggie to meeeee (8)","neg","NO_QUERY","0"
"@287EdisonAvenue congratulations my friend  FSU","pos","NO_QUERY","0"
"Monday is here   I guess it can be fun all the time.","neg","NO_QUERY","0"
"@alanhalsted you especially come to that conclusion when you begin to meditate ","pos","NO_QUERY","0"
"@stracergirl cross timbers ","pos","NO_QUERY","0"
"I love Des Coleman  The funky funky weatherman!","pos","NO_QUERY","0"
"Follow-up appt are the worst - still at the doctor's office ","neg","NO_QUERY","0"
"i dont want ella to go to new york tbh.  and i dont want to work today when it's nice weather outside. fml!!!!!!!!","neg","NO_QUERY","0"
"im so angryy! my phone internet still isn't working  garhhhhhh!!!!","neg","NO_QUERY","0"
"lepaking at McD wif hubby ","pos","NO_QUERY","0"
"Hahaha well im on twitter hahah annd i had netball and we lost so tht was Just Plain Stupid lol appart from tht nothing haha ","pos","NO_QUERY","0"
"@MattJo still down  I swear I did nothing","neg","NO_QUERY","0"
"@gvryupangco It's okay. Things will be okay. ","pos","NO_QUERY","0"
"Yo! I am not in the airport yet ","pos","NO_QUERY","0"
"@LehcarLincecum yeah... I was fastforward and saw no more game and started to listen and Burriss is bunting and gets hit. ","neg","NO_QUERY","0"
"Really would like to see Coraline soon plus maybe Synecdoche, New York afterwards...or before either is good  need some time ","pos","NO_QUERY","0"
"has got pins &amp; needles and dizzy so going to lie down before I faint ","neg","NO_QUERY","0"
"uggh i didnt go to six flags today because of these goddam cramps ","neg","NO_QUERY","0"
"@AndreaNBC13HD You're right....I'm 29 and  I've heard the song a time or two ","pos","NO_QUERY","0"
"@AntonPowers ... definate loony!!  This was proven wen he drank elephant dug juice!!! WTF??!!!!! ","pos","NO_QUERY","0"
"progressive trance is the runrer's nicotine ","pos","NO_QUERY","0"
"@Lolly_B mmm i prefered the old dumbledore, but obv that wont happen  i like sirius! awh no...cedric just died ","neg","NO_QUERY","0"
"@female_revan Ouch. You hurt my man-pride with that one. But wouldn't you rather have someone like me, who isn't a crazy ex-assassin? ","pos","NO_QUERY","0"
"@JoesarAlva Wow....thats pretty cool....neva seen anything lyk that....LOL ","pos","NO_QUERY","0"
"@Jonas_Sisters Breaking News! Sorry A Latee Votee Has Changed Thee Last Result. Joe Is Now Second Too Nick ","pos","NO_QUERY","0"
"Day three of iPhone deprivation and I'm starting to lose it.  The Nokia gave out and I'm on an old T68i ","neg","NO_QUERY","0"
"I was sooo happy to see so many juniors and alumni today  love love love","pos","NO_QUERY","0"
"@astorrs awwww come on  ..... its PG13 heh Yea I'm so stoked...kinda sucks because it falls right on my gf bday hahah...shes like greattt","pos","NO_QUERY","0"
"@Pink and Melbourne loves you as well...Ill be seeing you tomorrow night  X","pos","NO_QUERY","0"
"has had too much coke and mind is swimming with lots to think about (mainly what cheesecake to make for Fathers Day). Can't get to sleep ","neg","NO_QUERY","0"
"Going to bed now... It was great to hang out with TJ today... ","pos","NO_QUERY","0"
"hates the arizona heat. ","neg","NO_QUERY","0"
"@MissSididdy hmm nah not really just chill and relax and o yeah of course TWITTER  how bout u?","pos","NO_QUERY","0"
"desperate need of some fun fetti cup cakes ","neg","NO_QUERY","0"
"How good was 'Monster at the end of this book' last night? Bad news is it isnt on for another 2 weeks! ","neg","NO_QUERY","0"
"I'm going! \o/ see you later guys! haha' ","pos","NO_QUERY","0"
"good morning everyone! can't sleep ","neg","NO_QUERY","0"
"@watchmeshinex don't let Joseph kill you tomorrow. ","pos","NO_QUERY","0"
"@Phreakazoid Very. Still got it, after 4 Nurofen Plus.  How you going? When are you coming to visit? :p","neg","NO_QUERY","0"
"hey twitter people!! I'm off to church. I hope you a good day and enjoy the sun, if it's out for you  HOLLA!","pos","NO_QUERY","0"
"Can't wait to be home and actually pretend I have a summer....too many mixed feelings about a lot of things ","neg","NO_QUERY","0"
"loves life these days ","pos","NO_QUERY","0"
"http://twitpic.com/6cd5m - Yeah  you should have seen her when we emptied it out of the bags, she actually froze with an expression li ...","neg","NO_QUERY","0"
"@Gretskiii I understood what u said . ","pos","NO_QUERY","0"
"gonna shower and then watch the breakfast club ","pos","NO_QUERY","0"
"enjoying half term, a new house and a new life ","pos","NO_QUERY","0"
"yesterdaY was a wonderful day  i love my boy sooooo much ","pos","NO_QUERY","0"
"someone find me a gf ","neg","NO_QUERY","0"
"@NCIRL thanks for the add! ","pos","NO_QUERY","0"
"@seonaid_bbz i knoww i missed you too  anything exciting happen? x","neg","NO_QUERY","0"
"Listening to La La Land   and,, MSN,, again.!","pos","NO_QUERY","0"
"Well I WON'T be going to see #Ohmymaybee spin tonight so back to the Cellar for the regular happy hour gig it is.. kind of disappointed ","neg","NO_QUERY","0"
"@turnaroundart I have 3 computers and a laptop but I have 1 primary and always hate it when that one is sick   hope they can fix it 4 u!","neg","NO_QUERY","0"
"PAH! Cousin made my day! LOVE HIM!  Went out for dinner at Outback &amp; then Movies, saw the Hangover BEST MOVIE OF 2009!!!   ","pos","NO_QUERY","0"
"wish i knew about the show at SG academy ","neg","NO_QUERY","0"
"Yay i got an offer for a currogate mother!  how exciting ahhh","pos","NO_QUERY","0"
"reall sick and boredd ","neg","NO_QUERY","0"
"@tiphereth nary a pretty face to be seen ","neg","NO_QUERY","0"
"@SoWavY45 I KNOW ","neg","NO_QUERY","0"
"@malakhithegift Hey there Bro, am doing OK, and you? ","pos","NO_QUERY","0"
"They denied me when I tried to give blood today!  Stupid colds that don't want to go away completely!!!","neg","NO_QUERY","0"
"my brother's graduation is today, he's all grown up now ","neg","NO_QUERY","0"
"@lizzy1e &quot;Despite the hustle and bustle of a city alive with activity, the air was still and almost silent,&quot; was written as you tweeted! ","pos","NO_QUERY","0"
"@derekwm yes sir!  It was awesoem except I missed church ","neg","NO_QUERY","0"
"Were you serious about that happy meal?! ...its not coming is it? ","neg","NO_QUERY","0"
"@TVXQUKnow oppa, how are you? why didn't you reply to me T.T....i'm so sad ","neg","NO_QUERY","0"
"@jamiebabiiii living it up in california then eh! ","pos","NO_QUERY","0"
"has a paper cut on every finger.. office work is a lot more dangerous than you would think, I look like I've has a fight with a kitten ","neg","NO_QUERY","0"
"@KurtTracy not so good. just found out an amazing friend died thursday morning. ","neg","NO_QUERY","0"
"@ronasmy I also have a break in the middle! ","pos","NO_QUERY","0"
"Monday.... Lucky me.  ","neg","NO_QUERY","0"
"is sad that he cannot afford to go to Europe this year.  Sorry Simon and Jen.  ","neg","NO_QUERY","0"
"@NiaBassett do share ","pos","NO_QUERY","0"
"follow me  &lt;3","pos","NO_QUERY","0"
"@ETK1 I don't know. I'm hoping it gets better tomorrow. ","neg","NO_QUERY","0"
"@dhurianne from what place ??? ","pos","NO_QUERY","0"
"just watched Super Sweet 16 on MTV ","pos","NO_QUERY","0"
"come on lets get to 90 followers by the end of the night plz ","pos","NO_QUERY","0"
"@ameliaastuti hohoho..let's dance together then.. ","pos","NO_QUERY","0"
"Turns out I did love la   http://twitpic.com/6b5jh","neg","NO_QUERY","0"
"@donoogle_com Wow congratulations to your winner, and I hope you're feeling better ","pos","NO_QUERY","0"
"@aymentv WTF!? Thats mad! Lol, I was in national youth theatre with him last summer  tell him, 2 do the phone in, interview 4 BBC Derby ","pos","NO_QUERY","0"
"so people i really need to go clean off my desk, then i have a lunch meeting at 1pm.. hair salon at 5pm..what a way to start the weekend! ","pos","NO_QUERY","0"
"hi i'm new ","pos","NO_QUERY","0"
"Really lonely. ","neg","NO_QUERY","0"
"Off to work - Please o Please let me have some easy patients today ","pos","NO_QUERY","0"
"Took the dog for a little walk on the trail head. Church in a little bit, then perhaps over to PO ","pos","NO_QUERY","0"
"Finally good weather.  Motorcyle getting fixed mower is down.  Not sure what to do? ","neg","NO_QUERY","0"
"@chicrunner so excited for you!!! can't wait to hear all about it! relax now ","pos","NO_QUERY","0"
"Long nice bath now I feel great! Dang I haven't had dinner yet  LOL WiNgStop!","neg","NO_QUERY","0"
"@muthatung Still no sign of the bird though. Not looking good ","neg","NO_QUERY","0"
"I got up at 7:30 in the evening. ","pos","NO_QUERY","0"
"@nessie_111 not bad thanks, planning bbq and looks like quite alot of peeps are turning up.   ","pos","NO_QUERY","0"
"@Chip1029 Sometimes he looks good other times not. It's the lighting I tell myself.  I was pissed Skinman got so little screen time. ","neg","NO_QUERY","0"
"@DJDRAMA Sup Drama! Thanks for the interview last night. ","pos","NO_QUERY","0"
"@mattfrompa I just liked the interaction with the kids...it was very cute ","pos","NO_QUERY","0"
"Goin' to work. 2:30-close. Text it if you know it. ","pos","NO_QUERY","0"
"@Killaya Justin and Robin came out for pics, hugs, autographs. I was so fucking CRUSHED when I found out on ETS. It still kills me. ","neg","NO_QUERY","0"
"@nolini Get a pretty skin, move your url to the bottom and move your window down so the url bar is hidden. ","pos","NO_QUERY","0"
"@sweetnheavenly yoooo wussup ","pos","NO_QUERY","0"
"@kimedia Lovely website. Very &quot;Web 2.0&quot;. ","pos","NO_QUERY","0"
"@Kavem4n but there is no endurance run this week ","neg","NO_QUERY","0"
"@ayawan I actually meant to type &quot;end of September&quot; but I was in the middle of a conversation with someone and I cant multitask ","neg","NO_QUERY","0"
"Recommended @fengshuitips4u to @MrTweet 'Ahh can't live without his feng shui advice  !' http://cli.gs/9rjmbL","pos","NO_QUERY","0"
"@techninjoe cause im a weakling..lol..for real tho im a preme..born 2 months early so i got like bad heart, bad sight, bad back, umm yea ","neg","NO_QUERY","0"
"having fun listening to gino and fran. ","pos","NO_QUERY","0"
"@lindsayxoo me too! but i have no money. ","neg","NO_QUERY","0"
"in canadian literature, not paying attention and reading a book ","pos","NO_QUERY","0"
"@catholicgirlyz ohhhhh with ya ","pos","NO_QUERY","0"
"@michalabanas Hey Michala! And yes, I have to work too. ","neg","NO_QUERY","0"
"Had a good afternoon nap, woke up with a banging headache tho ","neg","NO_QUERY","0"
"omg my teeth are agony. i cant eat  i so better loose weight ha!","neg","NO_QUERY","0"
"@hugheswb And you wonder why I was apprehensive to drink the beach juice at Nassau http://tinyurl.com/ntf59r ","pos","NO_QUERY","0"
"@ideasuk We release places in Oct/Nov, after ballot results. Email fundraiseforus@dogstrust.org.uk for more info - and thank you! ","pos","NO_QUERY","0"
"@elvinanoii haha no haven't got any today but soon i will get some more  haha","pos","NO_QUERY","0"
"starting the bible in a few hrs!  kind of excited to finally buckle down and finish it!","pos","NO_QUERY","0"
"stare at you was my wedding song got married this past october  @NKAirplay ","pos","NO_QUERY","0"
"back to repeating the climb by hannah montana, i'm done repeating the world's greatest by r. kelly ","pos","NO_QUERY","0"
"@bdeshong Congrats, I'm glad everything went so well ","pos","NO_QUERY","0"
"cooking dinner..which i wont eat. trying to get my mind off of what happened... ","neg","NO_QUERY","0"
"trying to download movies to my MP4 but it won't work! i'm so frustrated. i've been trying it for more than an hour ","neg","NO_QUERY","0"
"@PhilMasteller Maybe I won't upgrade tonight.  I wonder if it's a widespread problem.","neg","NO_QUERY","0"
"Just wait kathy ","pos","NO_QUERY","0"
"@itstayloryall welcome, officially, to paramore! ","pos","NO_QUERY","0"
"one of my wisdom teeth are coming through and the whole side of my face aches ","neg","NO_QUERY","0"
"@JonathanRKnight Okay, THAT was funny  I think your tweets are my favorite","pos","NO_QUERY","0"
"@blayze316 I fell asleep before Conan came on last night! ","neg","NO_QUERY","0"
"My advisor accidentally punched me. I got a bruise ","neg","NO_QUERY","0"
"Screw it goin back to bed,,ill just go tomorrow ,,,,,kinda sad ","neg","NO_QUERY","0"
"wishes One Tree Hill season 6 was aired in Australia ","neg","NO_QUERY","0"
"ooh.. smooth radio DJ just messed up big style ","neg","NO_QUERY","0"
"@MyInnerJuCJuice Hey Juicy! Not tweeting to much, spent time with my mum today! And my dad wants me off tw...so  i'll have to be careful. ","neg","NO_QUERY","0"
"I want to go have review classes too  BUMMER SUMMER :|","neg","NO_QUERY","0"
"Sending out my first &quot;Tweet&quot;   How did I do? ","pos","NO_QUERY","0"
"I just gave my daddy his fathers day presents &lt;3 He loved them, but one of them was broken  FML","neg","NO_QUERY","0"
"i hate being sick. and i'm running out of tissues ","neg","NO_QUERY","0"
"@champlife thanks hun. ","pos","NO_QUERY","0"
"its a beautiful day out - maybe for a run after work? hopefully! ","pos","NO_QUERY","0"
"fuck my life. I definitely have to retake the written ","neg","NO_QUERY","0"
"Just rememberd my dream was kinda cool. ","pos","NO_QUERY","0"
"@JordanSykes tell me about it. what would you give to be there liiike? ","neg","NO_QUERY","0"
"@brasseriebread Didn't see you there y'day when I went up to buy some Dutch cocoa. But I did befriend the lady doing icecream sampling! ","pos","NO_QUERY","0"
"@bryantma No... but then I only have 23. Now *I* am the lightweight. ","pos","NO_QUERY","0"
"@CrystalGibson I already did ","pos","NO_QUERY","0"
"@MariaBrink Gutted that i missed you at Download ","neg","NO_QUERY","0"
"@RDBONES #frinightfever loving your quickness  This is so fun!","pos","NO_QUERY","0"
"Well, I have to get ready for school now..... 13.5 DAYS LEFT!!!!!!! woot woot!! ","pos","NO_QUERY","0"
"@deadlyhouses YAY! When are you coming back? I want to watch more Chuck tonight. ","neg","NO_QUERY","0"
"well turned off the game ","neg","NO_QUERY","0"
"misses the Warren girls! ","neg","NO_QUERY","0"
"@ soberbob Yeah they are out of things a lot. I had mango my first time. I was in around 5 for a pineapple one ","pos","NO_QUERY","0"
"uggh...my poor Puppy is still limping from her ACL surgery.  Poor little girl  ","neg","NO_QUERY","0"
"@dannykurily aww poor danny!  @AlexAllTimeLow must feel really bad. I hope you feel better. Has it gotten any better?","neg","NO_QUERY","0"
"A bright sunny day and I'm off to lunch with an old friend. Looking forward to it. Life is good. ","pos","NO_QUERY","0"
"@Metzypants You can't buy me in shops  Special male order only (tehehe crap puns &lt;3)","pos","NO_QUERY","0"
"think i've decided on my quote tattoo for my back, last verse of Invictus  'i am the master of my fate, i am the captain of my soul'","pos","NO_QUERY","0"
"Thanks for the follow, Doug. I like that hat ","pos","NO_QUERY","0"
"i wish i could see @mitchelmusso ","neg","NO_QUERY","0"
"@WantToGoTravel It sure was. Yum! ","pos","NO_QUERY","0"
"Anyone recommend me a lightweight bandwidth monitor for OS X?  preferabbly a dashboard widget.  I need to ensure i don't go over 10GB/pm ","neg","NO_QUERY","0"
"@AshleySemila 70+ pairs of kicks. Dunks, air max, jordans even some adidas and of course BLAZERS! I KNO U KNO ABT BLAZERS.  Owwww","pos","NO_QUERY","0"
"@wyenny I'm a fan of what I pay for my phone  Sprint has good pricing.","pos","NO_QUERY","0"
"Is watching Maury...shit, I am the father ","neg","NO_QUERY","0"
"@mitzed is it summer there? there's too much rain here!! ","neg","NO_QUERY","0"
"@xElenixMartianx sure  thanks, btw, love your new profile pic! ","pos","NO_QUERY","0"
"Mum is going tomorrow. And she gets back Wednesday. If everything goes to plan. I hope it does ","neg","NO_QUERY","0"
"@dannieannie not going  world tour's more important to me atm","neg","NO_QUERY","0"
"@SallyHBewsey http://twitpic.com/7m5wh - Oh dear. Obviously I'm too late. All gone. ","neg","NO_QUERY","0"
"@WalkerSports awww goosephabra ... chillax a little  itll be ok. I promise","pos","NO_QUERY","0"
"500 UPDATES. ^___^ @ackehurst How did you know. ","pos","NO_QUERY","0"
"If you build it, nerds will come. from benchwarmers  #favmoviequote","pos","NO_QUERY","0"
"Must go... chat later ","pos","NO_QUERY","0"
"just saw the beyonce &quot;ego&quot; video.. damn it why havent i got tickets to see her ","neg","NO_QUERY","0"
"@glovely I suspect that TCEA is the source of swine flu. Of course, I could be wrong ","pos","NO_QUERY","0"
"I just found out my first draw back to reading twitter. Don't look it a race is taped delayed..LOL ","pos","NO_QUERY","0"
"i already removed &quot;CNN NEWS&quot; in my following.. sila pumupuno sa twitter updates ko eh!! ","pos","NO_QUERY","0"
"@rishminder  lol blame @khouryrt and @nokiaconv for that ","pos","NO_QUERY","0"
"Rainy Tuesday and back to work later ","neg","NO_QUERY","0"
"Weeeee! No more work until next Thursday! Well, unless you count things like washing, cleaning, walking dogs.........................damn ","neg","NO_QUERY","0"
"@PerezHilton it looks like you have a lot of fun with lady gaga ","pos","NO_QUERY","0"
"@mizmaggieb ahh but it might be a week or two before THAT post is ready  promises to be fabulous though","pos","NO_QUERY","0"
"I want to go to California, but under different circumstances. ","neg","NO_QUERY","0"
"At the Blackbeard pirate festival with gloria n juan antonio!!!  ","pos","NO_QUERY","0"
"Too much lightning!!! ","neg","NO_QUERY","0"
"oh the phone with joshyyy  i miss his big booty.","pos","NO_QUERY","0"
"y wont sam reply ","neg","NO_QUERY","0"
"@marnuscoetzee Great news! so longer an alien ","pos","NO_QUERY","0"
"I wanna do more portraiture.  I work for free... ","pos","NO_QUERY","0"
"@khasidyjonas i read ur tweets! ","pos","NO_QUERY","0"
"@evanbandaids wooow that's sounds really great!!! have fun &lt;3 not much too  it's 1:40pm here in Japan and I just woke up. lol LAZYYYY xD","pos","NO_QUERY","0"
"Josie and the pussycats is on!!! ","pos","NO_QUERY","0"
"Sunshine here at the morning meeting in Smedjebacken ","pos","NO_QUERY","0"
"oh jeez it 2:05 am here and me is not tired anymore  boyfriend is sleeping and im all on my own  xx","neg","NO_QUERY","0"
"Watchin Greek then off to Knighty Knight!! ","pos","NO_QUERY","0"
"wants to go backkk ","neg","NO_QUERY","0"
"@joelyme3D lol...i can`t tell u,coz u`re going to laught about it! lol XD n besides it`s all good now...haha,it was smth. really stupid. ","pos","NO_QUERY","0"
"@sammysunshine OMG! That's awesome!! Congrats!! ","pos","NO_QUERY","0"
"@jobrosluvers I have no idea, it's been along time since we've talked! ","neg","NO_QUERY","0"
"@bobsonsirjonny LOL! Just get it sorted. A good blog is always welcome ","pos","NO_QUERY","0"
"Went for a run last night and hurt her knee ","neg","NO_QUERY","0"
"@__MiO__ The last one... ","pos","NO_QUERY","0"
"@DouglasPorter I already tweet a lot, so I'm halfway there ","pos","NO_QUERY","0"
"Horrible tragedy in Hermosillo my hometown!  http://tr.im/nBUO plz rt and help if u can! ","neg","NO_QUERY","0"
"Getting my car hand-washed by my babe. I'm so spoiled ","pos","NO_QUERY","0"
"well my first wedding anniversary on Sunday (which I did have to remind my husband, you would think the first year they would remember!! ","pos","NO_QUERY","0"
"I hear thunder, i see lightnining, i feel rain. ","neg","NO_QUERY","0"
"if you were mine, i'd really go insane, you'd be my favorite thing, i'd go ballistic yeah you're making me a crazy chick... ","pos","NO_QUERY","0"
"tomorrow should be good  night twitter x","pos","NO_QUERY","0"
"@deehdeeh1984 I can't this Sunday  and work is sending me out of town again next week. Why don't you guys come with me next weekend?","neg","NO_QUERY","0"
"@virginamerica That's right, Virgin America has Wi-Fi available on every seat on every flight. cant wait to fly virgin again! DISNEY ","pos","NO_QUERY","0"
"Getting ready to head out to a little getaway with the family. Hopefully, the clouds don't wet us  http://twitpic.com/6qtfx","pos","NO_QUERY","0"
"on the pot in t.g.i.f....shannon, kelsea, n savannah are grossed out bc im texting them from here ","pos","NO_QUERY","0"
"@rizzzky he's retiring from the tonight show  im so bummed. he was awesome ha. AND CONGRATS MY DEAR ","neg","NO_QUERY","0"
"@klaris sa bagay, you eat pancakes with bacon naman. haha interesting.. i shall try it. ","pos","NO_QUERY","0"
"@SongzYuuup its not working for me.  fix it please!","neg","NO_QUERY","0"
"going home alone! ","neg","NO_QUERY","0"
"@studarby Schools are off but I have an assignment on non-fiction writing due in next Friday! ","pos","NO_QUERY","0"
"OUCH! I just cut my finger with a bread knife ","neg","NO_QUERY","0"
"@colormepink621 have fun tomorrow ","pos","NO_QUERY","0"
"Arrrg reddit is down ","neg","NO_QUERY","0"
"@1capplegate  Fine thanks, and you???  ","pos","NO_QUERY","0"
"They really need to set up an audio feed of this  I don't care about video.    #140conf","neg","NO_QUERY","0"
"The last day of my vacation.. leavin at 7 pm ","neg","NO_QUERY","0"
"My sewing machine broke. Fml.  There go my dreams.","neg","NO_QUERY","0"
"@johnlegend why cant you come to australia? ","neg","NO_QUERY","0"
"I know it's all NLP and sleight of hand, but there's just something damn cool about Derren Brown  ","pos","NO_QUERY","0"
"heading to dreamland ","pos","NO_QUERY","0"
"@sallismoney hahah well are the tix sold out. I asked @daeone already and he don't know. How about u just give me your ticket ","pos","NO_QUERY","0"
"Aaron won't wake up dammit ","neg","NO_QUERY","0"
"@elephantparty Ha! Thanks Bryan! And don't remind me about the state budget issues.  Actually, Steve only has 6 staffers in 3 offices.","neg","NO_QUERY","0"
"@PaulaAbdul Hi Paula! Gosh! you always look great... I was so sad when Scott had to go.  take care Paula! hearts from Dubai.","neg","NO_QUERY","0"
"@holliemarx hey, shopping is fun  sure beats writing a memo. it's been kinda poopy weather here too. WHERE'S Summer?","pos","NO_QUERY","0"
"the sun has got his hat on hip hip hip hooray ","pos","NO_QUERY","0"
"panicking over my Sign Language on Wednesday...... ","neg","NO_QUERY","0"
"I want someone to drunk text.  Lmao","neg","NO_QUERY","0"
"@Stevehoward999 Any kind of Engrish is pretty hilarious  I just wonder if that's how I sound when I speak German?!","pos","NO_QUERY","0"
"Anyone with sites using Protx found to be broken today? Error 5051 - can't find any reference to it in online documentation  #protx","neg","NO_QUERY","0"
"I reached 100 updates yayyy.  I think I have my flight picked out for Arizona. I'll miss pride in SF though ","neg","NO_QUERY","0"
"@Dr_Itor 40 minutes ago...got rid of some bad stuff, huh?  ;-)  MJ...haven't set it up yet.  But CP is definitely doable.  ","pos","NO_QUERY","0"
"@tommcfly I hope you enjoy Rio, because I really enjoyed the two gigs in Sao Paulo! When it ended last night I couldn't stop crying! ","neg","NO_QUERY","0"
"bored but going out later ","pos","NO_QUERY","0"
"@norahknits ME TOO! The corncakes were my favorite ","neg","NO_QUERY","0"
"smiling at the drunken tweeting ","pos","NO_QUERY","0"
"@UnseeingEyes NEVER READ THAT BEFORE...I DID READ ANIMAL FARM...ONLY ORWELL BOOK ","neg","NO_QUERY","0"
"Somebody help me! i'm so bored!!   ........damn.","neg","NO_QUERY","0"
"@poetknowitt thanks for coming from so far away!! Hope you are enjoying the CD ","pos","NO_QUERY","0"
"so truly truly bored. any body got something awesome to do. mum stole sims off me ","neg","NO_QUERY","0"
"@justaskibum Thanks. I'm reading them while I wait for the youtube video to buffer. ","pos","NO_QUERY","0"
"@Misha_C aww.. woulda loved to hear beat again live for the 1st timee  ahhhh ","neg","NO_QUERY","0"
"so bored without the leafs playinggg ","neg","NO_QUERY","0"
"@KatieSouthie 7 hours ago was 7am so I was still snoozing, sorrie.  I don't normally get online lunchtime. ","neg","NO_QUERY","0"
"@jlovesjonas I miss you tooooo  Haha. And twitter doesn't seem to like you very muchh. LOVEE YOUU &lt;3","neg","NO_QUERY","0"
"bed time. real bed. exciting. Damn dryer moves  sooo noisy.. and in my room. sorry van!","neg","NO_QUERY","0"
"Hitch your car to a shooting star. ","pos","NO_QUERY","0"
"www.petebritney.deviantart.com uploaded LOADS of new photos ","pos","NO_QUERY","0"
"Home once again... bah humbug. Still, the weather's nice ","pos","NO_QUERY","0"
"@brush indeed. No car yet ","neg","NO_QUERY","0"
